aX,aY,aZ,gX,gY,gZ
-0.582,1.462,1.056,-65.247,-94.482,155.579
-0.803,1.754,1.193,-69.702,-89.417,139.832
-0.962,2.099,1.344,-64.819,-77.454,117.188
-1.102,2.446,1.556,-51.941,-57.434,83.435
-1.229,2.825,1.749,-36.682,-29.419,38.391
-1.438,2.766,1.542,-6.714,7.507,-17.639
-1.328,3.207,1.903,55.115,43.579,-71.228
-1.602,2.937,1.611,11.902,98.938,-165.039
-1.757,2.613,1.463,-7.935,144.409,-254.150
-1.737,2.235,1.172,-13.977,180.481,-331.055
-1.868,1.882,0.995,-16.541,206.482,-404.175
-1.912,1.649,0.875,-9.827,229.065,-464.355
-1.971,1.456,0.705,-1.770,253.052,-517.273
-2.117,1.264,0.527,3.357,275.879,-569.031
-2.364,1.107,0.332,3.357,292.175,-619.995
-2.677,0.970,0.106,10.742,298.523,-671.875
-3.071,0.783,-0.157,20.081,300.659,-729.248
-3.393,0.416,-0.489,36.133,300.537,-789.490
-3.656,-0.291,-0.823,43.030,298.462,-844.238
-3.930,-1.033,-1.047,28.503,288.757,-873.047
-3.998,-1.569,-1.284,-1.770,272.522,-873.596
-3.668,-2.447,-1.844,-37.720,254.272,-862.976
-3.198,-3.419,-1.808,-78.064,220.947,-846.252
-2.571,-3.984,-1.314,-50.476,155.701,-800.903
-1.845,-4.000,-1.089,-16.968,104.858,-718.994
-1.561,-4.000,-0.743,-14.587,71.838,-624.573
-1.255,-4.000,-0.756,0.366,37.354,-519.409
-0.951,-4.000,-1.247,-10.132,16.296,-409.180
-0.765,-4.000,-0.897,-18.860,-44.312,-303.406
-0.986,-4.000,-0.099,12.085,-123.413,-226.929
-0.951,-4.000,0.082,31.372,-113.708,-154.480
-0.892,-4.000,0.149,55.542,-76.416,-78.796
-0.677,-3.962,0.034,72.571,-48.767,4.395
-0.564,-3.604,0.004,76.294,-39.917,70.435
-0.515,-3.358,0.073,59.509,-41.565,117.004
-0.393,-3.103,-0.022,41.321,-32.776,162.415
-0.225,-2.822,-0.219,34.241,-21.912,211.121
-0.094,-2.578,-0.367,25.146,-18.433,252.319
-0.068,-2.455,-0.408,10.376,-23.743,284.180
-0.135,-2.383,-0.344,-10.254,-32.288,309.387
-0.224,-2.272,-0.168,-30.884,-39.124,332.031
-0.297,-2.083,0.006,-49.072,-41.870,351.929
-0.335,-1.841,0.113,-65.552,-37.354,366.638
-0.327,-1.618,0.167,-75.134,-28.992,371.826
-0.248,-1.406,0.199,-76.355,-20.752,372.375
-0.132,-1.274,0.083,-59.204,-13.428,372.192
-0.010,-1.186,-0.083,-35.583,-9.094,374.939
0.069,-1.201,-0.277,-24.780,-10.559,380.005
0.091,-1.240,-0.274,-4.578,-21.057,389.832
-0.063,-1.088,-0.112,16.418,-35.889,407.898
-0.207,-0.734,0.025,18.005,-46.875,429.749
-0.243,-0.343,0.085,12.695,-50.598,440.613
-0.188,-0.072,0.079,2.258,-48.035,432.861
-0.099,0.078,0.007,-0.427,-45.837,413.208
-0.021,0.212,-0.015,9.705,-48.889,392.578
0.014,0.317,-0.010,18.188,-57.068,372.009
0.074,0.382,0.022,36.011,-69.214,351.257
0.101,0.478,0.097,57.983,-83.557,330.811
0.137,0.573,0.138,61.951,-90.820,305.664
0.150,0.634,0.201,62.561,-96.436,277.161
0.182,0.636,0.236,67.078,-100.891,246.094
0.228,0.618,0.241,67.200,-103.455,217.957
0.249,0.514,0.273,59.326,-105.774,195.557
0.233,0.398,0.366,54.993,-112.244,190.552
0.258,0.419,0.438,57.983,-121.948,206.970
0.254,0.548,0.546,60.730,-129.578,216.553
0.237,0.618,0.605,56.946,-125.244,208.557
0.252,0.639,0.611,54.810,-115.662,195.618
0.312,0.667,0.631,51.575,-106.689,183.289
0.298,0.690,0.677,49.072,-98.572,172.546
0.293,0.725,0.678,44.006,-90.210,161.133
0.362,0.809,0.671,36.377,-82.825,148.254
0.384,0.850,0.682,33.813,-76.782,132.385
0.410,0.858,0.692,24.658,-71.350,114.380
0.344,0.860,0.773,13.184,-66.650,96.130
0.444,0.857,0.739,-0.549,-57.190,79.468
0.501,0.825,0.710,-3.906,-50.476,63.232
0.511,0.774,0.743,-6.104,-49.927,50.232
0.518,0.764,0.787,-3.601,-49.866,41.016
0.534,0.741,0.799,0.671,-46.692,32.349
0.560,0.694,0.780,5.554,-41.687,24.841
0.542,0.665,0.798,12.207,-37.964,19.775
0.548,0.662,0.838,17.151,-33.569,15.503
0.572,0.629,0.849,16.602,-26.917,8.911
0.588,0.582,0.828,12.024,-19.165,1.770
0.603,0.571,0.807,8.667,-12.634,-2.869
0.632,0.550,0.776,7.202,-6.470,-7.263
0.655,0.505,0.744,5.676,-1.404,-12.573
0.669,0.474,0.723,4.028,3.235,-16.602
0.679,0.453,0.698,1.709,7.202,-19.165
0.696,0.434,0.676,-0.610,10.315,-21.545
0.714,0.419,0.654,-2.075,12.756,-23.560
0.719,0.390,0.626,-2.808,14.771,-25.513
0.721,0.359,0.606,-2.319,15.869,-25.940
0.728,0.344,0.583,-0.732,16.113,-25.696
0.733,0.328,0.553,0.854,15.869,-24.902
0.735,0.308,0.542,2.502,14.526,-23.865
0.736,0.298,0.529,3.723,13.123,-22.339
0.746,0.293,0.523,5.249,11.902,-20.691
0.758,0.302,0.523,6.714,10.620,-18.799
0.767,0.317,0.516,7.751,9.827,-17.639
0.772,0.321,0.517,7.202,8.972,-18.005
0.776,0.321,0.518,4.272,8.179,-19.348
0.778,0.307,0.506,0.488,8.057,-21.240
0.783,0.291,0.498,-1.892,7.690,-22.644
0.792,0.283,0.496,-2.319,7.019,-23.010
0.794,0.266,0.501,-2.625,6.287,-23.437
0.797,0.247,0.502,-4.272,5.981,-23.376
0.798,0.219,0.501,-5.615,5.920,-22.827
0.802,0.201,0.500,-5.249,5.676,-20.752
0.808,0.196,0.501,-3.662,5.493,-17.456
0.812,0.202,0.508,-1.343,5.310,-13.672
0.817,0.214,0.505,0.366,5.493,-10.254
0.814,0.220,0.497,1.221,6.165,-7.568
0.812,0.232,0.489,2.502,5.981,-5.249
0.813,0.251,0.483,3.296,5.737,-3.723
0.816,0.266,0.479,3.845,4.883,-3.174
0.814,0.270,0.478,3.113,3.784,-3.113
0.812,0.263,0.483,2.075,2.441,-3.235

-0.628,1.487,1.384,-61.768,-60.364,54.932
-0.714,1.932,1.616,-72.327,-42.053,34.180
-0.842,2.469,1.744,-87.952,-10.071,-6.104
-1.034,3.069,1.708,-83.557,31.128,-73.242
-1.254,3.475,1.556,-59.814,77.454,-168.945
-1.497,3.468,1.321,-26.733,122.559,-287.781
-1.643,2.968,0.967,8.301,166.992,-414.917
-1.817,2.234,0.526,39.185,207.092,-526.489
-2.066,1.566,0.188,62.988,228.760,-606.995
-2.231,1.195,0.086,81.116,232.788,-664.062
-2.446,1.023,-0.043,94.299,233.887,-711.182
-2.924,0.849,-0.345,108.093,240.356,-765.503
-3.404,0.187,-0.727,107.544,244.446,-838.806
-3.593,-0.592,-1.073,84.351,236.938,-900.391
-3.916,-1.488,-1.651,61.462,225.342,-925.537
-3.508,-2.867,-2.823,-0.122,208.557,-916.809
-2.979,-4.000,-2.380,-2.197,101.868,-897.217
-2.379,-4.000,-1.781,6.653,23.621,-827.942
-1.517,-4.000,-1.191,36.377,3.052,-721.802
-0.777,-4.000,-0.432,92.407,-12.085,-567.810
-0.530,-4.000,0.217,90.454,-28.687,-356.995
-0.558,-4.000,0.285,84.473,-47.302,-132.751
-0.636,-4.000,0.317,101.196,-59.570,0.183
-0.599,-4.000,-0.180,80.261,-14.587,110.413
-0.369,-3.346,-0.618,63.049,12.085,208.374
-0.053,-2.762,-0.746,59.082,8.911,262.756
0.041,-2.618,-0.648,55.176,-1.587,284.180
-0.011,-2.512,-0.500,43.518,-14.771,300.415
0.014,-2.331,-0.491,23.071,-21.057,325.012
0.068,-2.206,-0.503,-5.676,-21.912,342.529
0.110,-2.059,-0.433,-35.645,-24.048,351.013
0.150,-1.854,-0.336,-53.528,-31.250,356.628
0.156,-1.586,-0.214,-61.584,-40.466,361.145
0.125,-1.316,-0.082,-66.650,-47.668,362.610
0.089,-1.021,0.022,-68.420,-51.514,363.586
0.082,-0.754,0.067,-68.054,-51.941,362.671
0.094,-0.581,0.092,-66.772,-50.598,356.018
0.108,-0.463,0.083,-61.462,-51.086,348.145
0.099,-0.368,0.090,-53.467,-54.199,342.407
0.062,-0.264,0.112,-44.617,-58.167,338.501
0.020,-0.134,0.111,-35.400,-62.378,334.473
0.025,0.008,0.111,-24.902,-66.833,328.247
0.030,0.111,0.109,-14.160,-71.838,319.214
0.057,0.246,0.082,-3.662,-77.393,308.472
0.068,0.340,0.082,5.188,-84.595,293.701
0.075,0.423,0.109,16.479,-91.003,275.330
0.110,0.462,0.104,24.902,-94.788,253.174
0.155,0.450,0.060,32.715,-101.624,234.314
0.142,0.417,0.082,43.274,-117.981,222.534
0.142,0.419,0.193,54.382,-143.738,223.267
0.121,0.465,0.332,58.105,-162.292,224.487
0.115,0.517,0.395,64.880,-169.617,218.628
0.111,0.532,0.465,67.200,-173.096,207.397
0.095,0.529,0.568,63.049,-174.316,194.458
0.081,0.535,0.689,55.664,-172.546,181.458
0.091,0.548,0.793,44.434,-165.283,168.335
0.124,0.535,0.862,26.611,-152.527,153.442
0.163,0.533,0.891,10.803,-136.841,141.113
0.197,0.539,0.880,-1.099,-121.643,132.263
0.222,0.553,0.880,-8.545,-107.544,125.244
0.255,0.583,0.891,-12.695,-94.788,119.263
0.289,0.607,0.897,-15.686,-81.909,112.610
0.304,0.619,0.909,-17.395,-69.702,106.201
0.333,0.663,0.909,-22.583,-54.443,101.013
0.387,0.729,0.852,-19.775,-39.673,94.666
0.407,0.766,0.879,-14.709,-34.668,85.266
0.436,0.793,0.920,-12.634,-32.532,73.120
0.466,0.812,0.929,-11.841,-28.931,58.960
0.504,0.812,0.923,-10.498,-25.208,43.274
0.529,0.796,0.927,-9.460,-22.522,27.588
0.544,0.756,0.923,-9.827,-18.616,13.062
0.565,0.715,0.914,-8.667,-13.977,0.854
0.571,0.672,0.901,-6.531,-9.460,-8.789
0.594,0.624,0.889,-4.150,-5.432,-17.456
0.595,0.548,0.889,-2.441,-2.441,-24.597
0.600,0.500,0.876,-0.305,0.977,-28.809
0.609,0.470,0.856,2.197,5.127,-31.860
0.619,0.437,0.850,3.235,8.850,-34.485
0.625,0.401,0.826,1.221,13.000,-37.537
0.629,0.360,0.795,-0.854,16.907,-40.222
0.642,0.314,0.760,-1.099,19.775,-41.687
0.651,0.278,0.723,0.183,21.545,-42.053
0.655,0.245,0.704,2.869,22.522,-41.138
0.666,0.213,0.696,4.883,22.888,-40.039
0.675,0.189,0.672,5.676,23.865,-38.269
0.685,0.169,0.645,6.531,24.841,-35.767
0.692,0.156,0.626,8.423,24.963,-32.654
0.708,0.147,0.609,11.230,24.414,-29.846
0.717,0.136,0.601,12.512,23.437,-27.466
0.723,0.136,0.585,12.512,22.888,-24.902
0.730,0.132,0.580,12.085,22.156,-23.193
0.739,0.120,0.575,10.803,21.057,-22.339
0.754,0.093,0.556,8.789,19.775,-20.935
0.763,0.062,0.538,7.141,18.616,-18.616
0.766,0.045,0.535,6.531,16.785,-14.465
0.761,0.056,0.549,7.324,14.465,-9.033
0.761,0.079,0.565,7.874,12.390,-4.150
0.764,0.104,0.576,7.324,11.047,-1.038
0.767,0.136,0.580,5.737,10.193,1.465
0.767,0.158,0.578,4.028,9.644,2.563
0.771,0.172,0.579,2.869,8.911,2.869
0.770,0.188,0.583,1.953,8.545,3.113
0.768,0.206,0.593,1.709,8.057,3.113
0.777,0.216,0.593,1.282,8.057,2.502
0.771,0.228,0.600,1.160,7.751,2.136
0.760,0.241,0.596,0.977,7.996,1.648
0.757,0.250,0.592,1.648,8.118,1.099
0.757,0.261,0.587,2.563,8.057,0.610
0.762,0.267,0.584,3.235,7.812,-0.305
0.763,0.260,0.587,3.296,7.080,-1.709
0.763,0.251,0.585,2.808,6.653,-2.808
0.760,0.249,0.576,2.319,6.226,-3.174
0.756,0.246,0.575,2.869,5.615,-3.357
0.756,0.245,0.574,3.601,4.944,-3.418
0.757,0.248,0.572,4.272,4.578,-3.174
0.766,0.263,0.568,5.249,4.333,-3.052
0.770,0.271,0.567,5.371,3.601,-3.479
0.771,0.270,0.570,5.371,2.319,-4.761
0.773,0.264,0.569,4.272,1.160,-7.385

-0.764,2.431,1.668,-139.282,-29.663,68.665
-0.987,3.605,1.805,-141.235,-4.089,11.780
-1.194,4.000,1.838,-118.652,36.072,-96.497
-1.314,4.000,1.610,-78.125,94.360,-244.873
-1.517,3.990,1.177,-21.912,153.564,-397.461
-1.879,3.253,0.661,39.490,198.669,-526.184
-2.214,2.571,0.307,85.815,217.224,-629.456
-2.528,2.114,0.104,118.103,219.543,-711.487
-2.915,1.811,-0.007,149.597,215.576,-781.067
-3.536,1.529,-0.222,172.729,221.863,-845.154
-4.000,1.033,-0.659,189.392,231.506,-913.452
-4.000,0.158,-1.053,194.397,225.647,-979.187
-4.000,-0.607,-1.485,184.631,215.759,-1006.653
-4.000,-1.290,-1.727,166.016,205.627,-997.009
-4.000,-2.321,-2.182,121.338,189.880,-960.144
-3.997,-3.865,-2.549,21.606,161.438,-903.076
-3.207,-4.000,-1.985,-68.665,87.036,-843.567
-2.570,-4.000,-0.997,-48.157,17.700,-765.137
-1.777,-4.000,-0.148,12.512,-27.405,-628.052
-1.278,-4.000,0.163,78.796,-39.673,-397.461
-1.219,-4.000,0.059,114.807,-27.405,-209.717
-1.210,-4.000,-0.130,131.714,-23.865,-92.773
-1.265,-4.000,0.188,139.771,-54.138,-40.527
-1.329,-3.499,0.139,123.962,-45.776,46.936
-1.276,-2.760,-0.151,108.521,-22.217,133.301
-1.009,-2.446,-0.441,97.107,-3.357,188.660
-0.696,-2.384,-0.686,88.074,7.812,231.995
-0.516,-2.446,-0.643,76.111,-2.441,265.137
-0.460,-2.503,-0.391,58.411,-28.198,292.664
-0.464,-2.439,-0.202,29.114,-40.588,324.829
-0.471,-2.311,-0.082,-5.981,-39.734,354.736
-0.453,-2.212,0.062,-39.551,-36.987,376.648
-0.430,-2.171,0.100,-69.885,-31.372,393.677
-0.425,-2.065,0.053,-96.252,-22.400,409.912
-0.453,-1.852,0.028,-111.572,-15.869,427.856
-0.454,-1.559,-0.019,-120.056,-11.780,444.763
-0.393,-1.228,-0.024,-120.544,-13.672,455.078
-0.280,-0.968,-0.039,-115.845,-16.968,455.444
-0.166,-0.845,-0.085,-110.046,-16.418,448.364
-0.098,-0.773,-0.073,-103.638,-15.015,439.453
-0.052,-0.690,-0.073,-95.703,-14.465,434.143
-0.024,-0.543,-0.115,-87.097,-16.113,432.678
-0.004,-0.346,-0.180,-78.918,-21.729,430.420
0.033,-0.206,-0.223,-69.336,-31.860,424.194
0.058,-0.122,-0.278,-56.824,-44.006,415.955
0.018,0.004,-0.210,-44.250,-59.326,408.081
0.018,0.195,-0.180,-32.715,-73.914,400.330
0.045,0.352,-0.138,-16.663,-88.745,387.573
0.083,0.472,-0.116,1.648,-105.530,368.958
0.084,0.593,-0.014,16.113,-120.483,345.703
0.100,0.630,0.056,28.320,-131.042,317.078
0.134,0.617,0.091,41.138,-140.564,292.114
0.134,0.587,0.158,53.040,-153.503,275.696
0.107,0.625,0.309,61.035,-166.260,264.587
0.115,0.666,0.386,63.965,-168.396,250.061
0.162,0.657,0.436,60.852,-164.673,232.300
0.043,0.680,0.527,60.974,-161.621,213.440
0.096,0.690,0.579,48.035,-156.494,191.528
0.132,0.705,0.644,38.391,-148.315,173.035
0.140,0.711,0.704,31.799,-138.428,155.090
0.153,0.713,0.753,22.705,-126.648,137.817
0.165,0.719,0.783,14.404,-112.549,122.925
0.186,0.730,0.798,9.033,-97.961,109.924
0.217,0.729,0.809,5.493,-85.083,98.145
0.238,0.721,0.815,0.977,-73.425,88.440
0.254,0.716,0.806,-1.831,-62.378,80.261
0.277,0.737,0.809,-1.404,-53.162,73.486
0.300,0.777,0.807,-1.465,-46.204,66.589
0.328,0.786,0.811,-1.709,-40.894,57.312
0.356,0.782,0.824,-0.122,-36.438,48.096
0.380,0.796,0.838,3.418,-33.020,39.795
0.409,0.801,0.851,6.348,-30.090,31.189
0.436,0.788,0.869,7.935,-27.161,21.606
0.458,0.751,0.867,8.179,-23.682,11.841
0.474,0.686,0.859,6.897,-20.935,2.380
0.489,0.624,0.859,5.920,-19.226,-4.578
0.515,0.564,0.852,5.676,-17.944,-9.338
0.538,0.448,0.831,4.517,-16.357,-12.756
0.557,0.336,0.837,3.113,-15.442,-13.306
0.574,0.279,0.850,2.747,-14.648,-9.399
0.585,0.272,0.857,1.343,-12.695,-3.784
0.596,0.294,0.862,-0.916,-9.399,0.671
0.609,0.338,0.856,-2.563,-5.981,4.578
0.610,0.394,0.850,-2.686,-3.235,6.897
0.613,0.447,0.847,-1.648,-0.244,7.141
0.615,0.487,0.832,0.610,3.662,5.005
0.620,0.499,0.804,3.174,7.812,0.977
0.619,0.480,0.777,4.700,11.230,-3.906
0.616,0.446,0.743,6.104,13.550,-8.789
0.615,0.403,0.710,7.935,15.137,-12.512
0.617,0.344,0.671,9.521,15.747,-14.465
0.617,0.283,0.635,10.254,15.320,-14.465
0.617,0.254,0.618,10.925,13.306,-12.329
0.614,0.245,0.617,11.292,10.498,-9.155
0.608,0.248,0.622,10.193,7.812,-6.226
0.607,0.258,0.631,8.240,5.493,-4.211
0.610,0.273,0.645,6.348,3.906,-2.747
0.608,0.306,0.651,4.700,3.296,-1.099
0.611,0.338,0.650,3.357,2.991,-0.488
0.615,0.345,0.654,2.441,2.686,-1.282
0.616,0.348,0.657,2.136,2.502,-2.197
0.619,0.349,0.653,2.441,2.808,-2.502
0.624,0.348,0.653,2.991,3.174,-2.869
0.625,0.343,0.654,3.418,3.174,-2.991
0.623,0.342,0.652,3.357,3.296,-2.869
0.622,0.341,0.652,3.235,3.357,-2.686
0.623,0.339,0.655,3.540,3.418,-2.136
0.625,0.345,0.657,3.967,3.723,-1.160
0.628,0.364,0.659,4.150,4.150,0.000
0.633,0.376,0.651,3.601,4.272,-0.122
0.635,0.375,0.648,2.686,4.211,-0.977
0.635,0.374,0.646,2.075,3.723,-1.648
0.637,0.372,0.646,1.526,3.296,-2.075
0.638,0.373,0.645,1.648,2.991,-2.380
0.646,0.375,0.646,1.709,2.441,-2.625
0.652,0.373,0.643,1.160,1.770,-3.296
0.653,0.363,0.646,0.671,0.488,-4.333
0.653,0.351,0.653,0.244,-0.916,-5.066
0.654,0.340,0.663,0.488,-2.014,-5.371

-0.987,1.285,1.484,-133.972,-49.133,86.975
-1.135,1.673,1.599,-147.217,-33.020,70.679
-1.233,2.067,1.670,-141.846,-10.681,42.358
-1.270,2.510,1.709,-120.544,16.174,0.793
-1.425,2.943,1.818,-87.524,44.373,-59.692
-1.555,3.306,1.824,-57.373,86.426,-141.846
-1.787,3.368,1.714,-21.423,138.794,-245.789
-2.003,3.113,1.291,19.165,202.209,-361.023
-2.245,2.561,0.880,56.763,255.066,-466.797
-2.484,1.947,0.541,93.750,289.978,-554.749
-2.677,1.500,0.300,116.455,322.083,-624.329
-2.800,1.204,0.025,124.756,348.145,-680.298
-3.076,0.881,-0.058,133.301,346.191,-728.394
-3.372,0.613,-0.122,133.728,347.412,-778.503
-3.738,0.316,-0.306,136.475,355.896,-828.430
-4.000,-0.141,-0.580,152.100,366.699,-874.817
-4.000,-0.658,-1.074,170.349,375.793,-905.579
-4.000,-1.272,-1.669,182.800,362.671,-910.889
-4.000,-2.204,-1.833,168.518,315.735,-885.803
-4.000,-2.746,-2.244,96.375,309.814,-811.401
-4.000,-3.568,-3.229,23.499,297.363,-746.155
-2.936,-4.000,-4.000,-29.785,240.540,-730.835
-1.474,-4.000,-3.914,-40.771,126.221,-678.894
-0.905,-4.000,-1.799,84.534,-68.298,-569.641
-0.908,-4.000,-0.425,177.673,-143.066,-429.016
-0.415,-4.000,-0.676,202.881,-66.406,-204.529
-0.657,-4.000,-1.113,158.386,8.118,10.620
-1.052,-4.000,-0.906,105.957,-18.188,127.319
-1.102,-3.231,-0.869,36.621,-45.532,194.336
-0.925,-2.868,-0.936,-4.517,-50.049,233.704
-0.736,-2.865,-1.218,-39.917,-41.199,280.090
-0.689,-2.854,-1.273,-54.749,-55.359,343.628
-0.643,-2.635,-1.149,-44.678,-89.111,404.968
-0.661,-2.607,-0.816,-42.358,-121.338,434.204
-0.732,-2.599,-0.513,-58.655,-138.123,449.585
-0.812,-2.325,-0.295,-85.266,-139.343,468.567
-0.774,-1.876,-0.267,-112.488,-129.150,484.253
-0.710,-1.507,-0.328,-132.019,-122.925,486.694
-0.646,-1.229,-0.318,-139.221,-125.122,480.896
-0.613,-0.922,-0.247,-131.653,-131.897,475.830
-0.556,-0.706,-0.146,-116.394,-137.268,469.910
-0.478,-0.597,-0.071,-102.295,-136.108,463.928
-0.473,-0.486,-0.014,-91.858,-131.226,462.708
-0.451,-0.297,-0.009,-83.984,-128.479,462.708
-0.418,-0.158,-0.073,-81.055,-127.441,454.102
-0.383,-0.056,-0.085,-79.407,-129.395,439.819
-0.374,0.069,-0.096,-75.928,-133.667,425.781
-0.349,0.194,-0.119,-63.721,-139.832,411.926
-0.351,0.334,-0.081,-46.814,-146.912,398.804
-0.337,0.501,-0.014,-38.513,-153.870,384.399
-0.300,0.649,-0.016,-34.790,-159.241,367.065
-0.283,0.769,0.028,-33.752,-169.373,345.703
-0.275,0.817,0.099,-35.828,-181.702,320.435
-0.259,0.848,0.144,-36.438,-193.726,296.143
-0.246,0.880,0.238,-35.278,-203.674,272.949
-0.247,0.895,0.360,-34.729,-210.876,250.671
-0.243,0.885,0.475,-33.081,-212.097,229.858
-0.244,0.863,0.590,-30.090,-208.374,210.022
-0.251,0.851,0.703,-27.527,-199.158,191.406
-0.241,0.849,0.791,-25.757,-185.303,174.072
-0.224,0.856,0.880,-23.682,-168.823,157.410
-0.201,0.862,0.960,-23.743,-150.085,141.541
-0.168,0.877,1.023,-23.254,-129.578,127.747
-0.128,0.915,1.089,-21.851,-108.765,117.126
-0.085,0.953,1.114,-21.240,-85.632,105.774
-0.039,0.990,1.109,-18.127,-62.439,93.140
0.013,1.048,1.092,-12.878,-41.809,80.261
0.069,1.089,1.071,-5.188,-23.804,65.125
0.131,1.086,1.028,3.235,-8.728,47.974
0.186,1.054,0.994,10.559,1.038,30.396
0.235,0.994,0.962,15.930,7.568,12.878
0.281,0.907,0.938,18.372,11.414,-3.418
0.317,0.806,0.938,18.616,13.245,-17.700
0.351,0.719,0.939,16.479,14.832,-29.297
0.390,0.636,0.934,13.977,15.991,-37.292
0.425,0.527,0.913,12.573,16.907,-42.236
0.460,0.417,0.918,12.878,18.127,-43.213
0.494,0.348,0.899,13.977,20.264,-39.368
0.512,0.301,0.900,15.381,22.522,-32.532
0.537,0.293,0.888,14.526,25.696,-24.963
0.562,0.288,0.852,13.000,28.687,-18.555
0.586,0.286,0.818,11.292,30.090,-13.428
0.609,0.295,0.782,9.033,30.151,-9.155
0.621,0.314,0.752,5.615,28.931,-6.409
0.635,0.341,0.709,1.831,27.344,-5.432
0.649,0.339,0.666,-0.305,25.879,-5.798
0.655,0.320,0.635,-0.793,23.437,-6.409
0.659,0.291,0.595,-0.366,20.508,-6.287
0.664,0.236,0.562,0.061,16.663,-4.639
0.657,0.197,0.543,-0.061,11.780,-0.916
0.650,0.208,0.544,-0.427,6.409,5.249
0.646,0.260,0.579,-0.549,1.526,11.108
0.639,0.341,0.615,-1.404,-1.770,14.893
0.631,0.411,0.638,-2.991,-2.625,14.648
0.621,0.462,0.664,-4.761,-2.747,10.803
0.609,0.491,0.679,-6.348,-2.136,4.883
0.597,0.488,0.679,-6.042,-0.732,-1.587
0.586,0.454,0.669,-4.028,0.305,-6.531
0.578,0.400,0.655,-2.441,1.160,-10.193
0.568,0.355,0.644,-1.221,0.916,-11.108
0.558,0.331,0.641,0.000,0.000,-9.399
0.552,0.318,0.640,0.610,-1.221,-6.653
0.552,0.307,0.637,-0.244,-2.380,-4.028
0.549,0.313,0.646,-1.404,-3.784,-1.404
0.551,0.342,0.664,-2.197,-5.310,1.953
0.553,0.394,0.703,-2.380,-6.470,4.517
0.558,0.455,0.751,-2.502,-6.042,4.395
0.574,0.487,0.762,-2.441,-3.418,1.526
0.582,0.480,0.761,-1.221,-0.549,-2.319
0.589,0.456,0.752,1.587,2.136,-4.883
0.593,0.424,0.743,4.456,4.700,-6.653
0.599,0.398,0.706,6.165,7.324,-7.324
0.605,0.365,0.677,6.348,8.179,-7.080
0.606,0.347,0.656,6.042,7.690,-5.920
0.604,0.348,0.648,5.676,6.470,-3.723
0.604,0.351,0.655,4.883,4.761,-1.953
0.612,0.348,0.658,2.625,3.418,-0.671
0.617,0.348,0.666,0.122,2.136,0.488
0.619,0.357,0.673,-1.526,1.221,1.709

-0.637,1.559,0.958,-9.033,32.837,-46.692
-0.722,1.750,0.959,-3.601,44.922,-77.026
-0.808,1.926,0.944,3.296,61.035,-116.760
-0.903,2.027,0.893,14.343,82.581,-165.710
-1.017,2.000,0.792,30.334,104.431,-222.656
-1.156,1.879,0.680,50.232,126.892,-282.288
-1.272,1.744,0.542,72.205,151.367,-340.942
-1.393,1.599,0.423,89.966,177.979,-400.208
-1.501,1.505,0.304,109.436,211.914,-458.862
-1.603,1.465,0.113,131.714,245.605,-517.700
-1.733,1.370,-0.060,155.151,266.663,-572.754
-1.949,1.235,-0.215,168.640,277.222,-634.888
-2.328,1.056,-0.367,171.204,272.644,-706.665
-2.973,0.478,-0.514,162.170,262.634,-789.978
-3.325,0.017,-1.081,149.902,250.854,-857.727
-3.791,-0.775,-1.501,146.484,213.013,-914.612
-4.000,-1.678,-1.898,115.906,142.212,-950.012
-4.000,-2.498,-2.433,66.284,101.501,-932.495
-3.709,-3.832,-3.441,66.528,46.448,-892.395
-2.573,-4.000,-3.491,146.301,-54.138,-859.802
-2.093,-4.000,-2.214,205.688,-107.727,-800.171
-1.734,-4.000,-0.430,239.563,-145.935,-661.438
-1.411,-4.000,0.406,286.743,-155.212,-455.811
-1.251,-4.000,0.265,252.136,-84.778,-237.061
-1.063,-4.000,-0.537,180.054,12.634,-51.941
-1.104,-4.000,-0.371,102.844,18.799,93.506
-1.173,-3.446,-0.291,3.418,9.094,197.937
-0.933,-2.845,-0.362,-29.541,3.784,254.456
-0.692,-2.742,-0.562,-32.715,4.883,276.550
-0.590,-2.751,-0.530,-32.532,-12.024,284.973
-0.703,-2.745,-0.317,-40.955,-28.687,304.565
-0.621,-2.456,-0.367,-60.730,-24.963,338.013
-0.560,-2.282,-0.412,-81.970,-24.231,351.990
-0.501,-2.177,-0.383,-103.333,-20.752,358.521
-0.429,-2.039,-0.353,-119.690,-15.991,370.605
-0.406,-1.870,-0.282,-134.277,-21.179,385.010
-0.419,-1.622,-0.182,-142.761,-30.029,402.039
-0.425,-1.297,-0.108,-148.926,-34.729,415.894
-0.353,-0.963,-0.075,-154.541,-32.043,420.532
-0.286,-0.687,-0.043,-148.804,-28.809,419.006
-0.161,-0.411,-0.093,-134.460,-29.968,408.691
-0.141,-0.421,-0.039,-128.784,-39.368,378.357
-0.112,-0.419,-0.041,-132.935,-42.786,356.934
-0.100,-0.325,-0.065,-138.550,-43.518,347.290
-0.078,-0.242,-0.110,-140.930,-44.006,340.271
-0.044,-0.179,-0.157,-132.812,-46.448,332.397
-0.068,-0.112,-0.107,-123.657,-53.711,324.707
-0.074,0.021,-0.059,-118.286,-59.753,321.045
-0.043,0.169,-0.073,-115.295,-62.317,316.528
-0.006,0.267,-0.068,-115.662,-68.970,307.312
0.008,0.315,-0.055,-117.737,-78.552,295.105
0.049,0.401,-0.040,-115.784,-88.257,286.194
0.046,0.497,0.017,-109.314,-98.267,278.625
0.056,0.565,0.061,-98.755,-106.506,270.020
0.072,0.644,0.159,-85.144,-113.708,260.010
0.081,0.692,0.270,-73.914,-118.408,247.131
0.115,0.746,0.400,-66.711,-118.225,231.079
0.138,0.765,0.473,-58.105,-112.488,212.280
0.176,0.759,0.559,-53.223,-103.760,191.833
0.208,0.772,0.597,-50.720,-93.079,173.950
0.245,0.788,0.637,-46.570,-82.703,158.142
0.271,0.772,0.676,-38.696,-72.449,143.127
0.305,0.786,0.703,-31.006,-60.059,129.822
0.343,0.801,0.723,-23.926,-47.668,117.737
0.383,0.792,0.728,-16.113,-36.316,104.736
0.421,0.785,0.724,-9.644,-26.917,91.919
0.457,0.752,0.706,-5.310,-18.433,78.735
0.496,0.722,0.679,-2.869,-12.085,66.711
0.529,0.692,0.667,-1.343,-8.057,55.969
0.552,0.637,0.670,-0.732,-5.676,45.837
0.575,0.583,0.663,-1.038,-4.700,37.048
0.589,0.549,0.656,-1.221,-4.639,31.006
0.599,0.528,0.667,-0.610,-6.470,27.039
0.604,0.508,0.693,0.366,-8.423,24.048
0.613,0.496,0.708,0.366,-9.827,21.545
0.620,0.472,0.716,0.183,-10.620,19.592
0.622,0.454,0.731,1.343,-10.986,18.372
0.627,0.468,0.749,3.418,-10.437,18.311
0.632,0.483,0.763,4.944,-8.667,17.151
0.636,0.480,0.767,4.517,-5.981,13.306
0.642,0.465,0.751,3.479,-3.479,8.789
0.640,0.443,0.743,4.395,-1.709,5.615
0.637,0.427,0.741,6.042,-0.183,3.540
0.632,0.425,0.735,7.996,1.343,2.319
0.632,0.425,0.722,9.155,3.052,0.427
0.637,0.407,0.703,8.667,4.639,-2.258
0.643,0.383,0.681,8.667,6.104,-4.395
0.652,0.374,0.670,9.949,7.202,-5.371
0.667,0.380,0.650,11.841,8.057,-6.287
0.693,0.365,0.617,12.756,8.667,-8.789
0.708,0.319,0.600,11.230,8.423,-12.756
0.719,0.272,0.580,8.606,7.690,-15.259
0.727,0.235,0.562,7.263,6.409,-15.442
0.730,0.213,0.564,7.507,4.456,-13.489
0.727,0.209,0.575,7.568,2.441,-10.925
0.726,0.211,0.586,6.409,1.038,-8.789
0.731,0.209,0.588,4.578,0.183,-7.080
0.736,0.219,0.592,4.089,-0.732,-5.127
0.734,0.233,0.597,3.906,-1.831,-3.601
0.728,0.235,0.610,3.052,-2.869,-3.113
0.722,0.230,0.620,1.404,-3.540,-3.052
0.715,0.232,0.622,0.305,-3.784,-2.563
0.709,0.237,0.629,0.366,-3.723,-1.404
0.703,0.245,0.631,1.160,-3.601,0.183
0.698,0.263,0.626,1.831,-3.418,1.770
0.697,0.281,0.622,2.014,-3.357,2.930
0.694,0.296,0.614,1.892,-3.601,3.418
0.693,0.308,0.593,2.014,-4.333,3.662
0.692,0.309,0.581,2.258,-6.226,3.784
0.688,0.317,0.581,3.113,-8.789,4.517
0.680,0.329,0.587,3.540,-11.475,5.371
0.670,0.350,0.605,3.357,-13.794,5.554
0.663,0.367,0.629,2.136,-15.991,5.005
0.663,0.380,0.653,0.610,-17.212,3.052
0.663,0.387,0.672,-0.427,-16.846,0.488
0.664,0.379,0.692,-0.244,-15.503,-2.197
0.667,0.372,0.708,0.732,-13.489,-4.395
0.677,0.362,0.715,2.380,-10.742,-6.653
0.682,0.336,0.723,4.639,-7.996,-9.033

-1.155,1.574,1.049,29.114,7.019,134.277
-1.263,2.367,1.327,10.803,26.306,105.774
-1.333,3.381,1.399,-8.057,58.960,39.856
-1.405,4.000,1.233,-6.104,100.891,-72.449
-1.607,4.000,1.044,20.691,147.583,-227.356
-1.838,3.685,0.624,61.279,206.848,-389.771
-2.106,2.900,0.013,106.934,262.878,-532.715
-2.278,2.093,-0.673,145.386,283.447,-647.644
-2.464,1.201,-0.916,181.091,263.000,-736.450
-2.577,0.815,-1.010,190.186,238.281,-802.307
-3.085,0.438,-1.260,182.922,213.867,-871.399
-3.725,-0.413,-1.798,167.114,170.105,-951.355
-4.000,-1.626,-1.863,161.682,104.675,-1033.081
-4.000,-2.799,-2.304,183.777,42.236,-1065.186
-3.913,-4.000,-3.595,222.046,7.141,-1046.387
-3.396,-4.000,-3.312,303.467,-66.162,-1035.889
-2.549,-4.000,-1.974,305.115,-77.637,-891.724
-1.795,-4.000,0.191,256.653,-64.819,-650.879
-1.163,-4.000,0.417,158.142,-7.385,-343.323
-0.918,-4.000,-0.131,66.528,33.569,-45.349
-0.788,-4.000,-0.343,4.639,34.668,144.897
-0.555,-3.458,-0.278,-20.813,34.485,233.582
-0.341,-2.834,-0.175,-25.208,29.968,258.728
-0.142,-2.716,-0.106,-22.827,25.208,260.254
-0.118,-2.649,-0.019,-21.057,19.653,265.564
-0.156,-2.443,-0.011,-28.625,13.977,281.250
-0.181,-2.254,-0.102,-48.218,13.489,296.509
-0.143,-2.138,-0.153,-71.167,18.005,306.824
-0.070,-2.047,-0.199,-84.473,21.423,315.369
-0.060,-1.986,-0.159,-95.703,13.489,320.801
-0.060,-1.814,-0.033,-101.257,0.183,330.200
-0.118,-1.669,0.137,-103.638,-4.517,338.928
-0.081,-1.381,0.112,-98.755,-1.343,351.746
-0.019,-1.169,-0.006,-95.947,0.549,351.440
0.031,-1.241,-0.141,-95.154,-4.700,344.666
-0.004,-1.299,-0.148,-94.421,-16.479,347.717
-0.047,-1.180,-0.186,-94.543,-27.161,365.051
-0.076,-1.055,-0.289,-94.360,-34.058,384.827
-0.141,-0.869,-0.292,-95.764,-41.077,400.269
-0.173,-0.590,-0.290,-96.069,-47.119,410.889
-0.182,-0.318,-0.317,-95.337,-54.382,414.429
-0.203,-0.120,-0.315,-94.849,-64.880,410.095
-0.237,0.054,-0.288,-94.177,-76.782,403.442
-0.253,0.259,-0.246,-91.187,-89.539,397.827
-0.262,0.437,-0.185,-86.670,-101.501,388.733
-0.279,0.580,-0.086,-83.496,-113.708,374.695
-0.287,0.667,0.002,-80.811,-123.657,357.300
-0.299,0.713,0.080,-78.003,-130.676,338.928
-0.303,0.756,0.168,-73.792,-136.108,321.716
-0.309,0.799,0.215,-61.890,-140.137,305.298
-0.312,0.861,0.316,-48.462,-143.127,290.222
-0.316,0.909,0.419,-37.415,-142.822,274.353
-0.292,0.958,0.499,-28.381,-138.123,257.507
-0.264,1.010,0.595,-22.034,-131.714,239.441
-0.218,1.073,0.662,-15.015,-123.474,220.093
-0.178,1.156,0.759,-5.188,-115.051,199.341
-0.115,1.240,0.812,-9.949,-102.478,176.208
-0.058,1.284,0.848,-13.672,-85.083,147.888
-0.001,1.296,0.852,-12.390,-68.481,119.324
0.053,1.293,0.866,-8.362,-53.101,92.041
0.106,1.265,0.884,-2.625,-39.124,65.613
0.164,1.193,0.887,1.587,-25.696,39.490
0.215,1.065,0.867,5.188,-12.878,15.320
0.273,0.948,0.836,8.911,-2.747,-3.174
0.326,0.849,0.815,12.878,4.578,-16.602
0.386,0.759,0.788,15.991,10.559,-27.405
0.438,0.663,0.750,19.043,15.503,-36.011
0.489,0.546,0.704,20.264,18.127,-42.175
0.532,0.432,0.688,19.775,17.517,-45.044
0.577,0.347,0.683,18.860,15.137,-44.067
0.615,0.274,0.685,16.418,11.597,-41.077
0.642,0.212,0.699,12.146,7.263,-36.255
0.664,0.177,0.717,7.080,3.235,-29.724
0.678,0.175,0.738,3.174,-0.183,-22.156
0.686,0.190,0.754,1.221,-1.709,-14.648
0.685,0.227,0.768,0.244,-2.014,-7.629
0.683,0.277,0.777,-0.305,-1.282,-2.563
0.675,0.329,0.775,-0.916,0.427,0.610
0.671,0.370,0.763,-0.183,2.502,1.892
0.658,0.405,0.763,1.831,4.150,2.075
0.675,0.420,0.727,3.601,5.859,0.305
0.659,0.420,0.720,4.883,5.798,-2.808
0.662,0.381,0.699,4.395,6.348,-5.981
0.648,0.345,0.697,4.272,5.981,-7.751
0.641,0.328,0.694,5.615,6.348,-6.836
0.635,0.333,0.692,7.263,7.568,-5.005
0.634,0.342,0.685,8.301,8.728,-3.662
0.639,0.346,0.663,7.874,10.132,-3.235
0.641,0.351,0.635,7.812,10.681,-2.991
0.641,0.363,0.617,8.301,10.132,-2.686
0.641,0.385,0.624,8.728,8.606,-2.625
0.649,0.405,0.626,8.484,6.897,-4.028
0.654,0.390,0.623,6.775,5.310,-7.874
0.660,0.356,0.614,3.845,3.967,-12.512
0.661,0.309,0.607,1.526,2.441,-15.381
0.664,0.278,0.614,1.221,1.160,-15.137
0.667,0.271,0.629,2.136,0.122,-12.817
0.669,0.279,0.643,3.235,-0.366,-9.888
0.675,0.283,0.650,3.540,0.122,-7.996
0.678,0.285,0.648,3.418,1.038,-6.714
0.682,0.289,0.646,4.150,2.136,-5.188
0.685,0.298,0.635,4.944,3.113,-4.028
0.687,0.300,0.629,4.883,3.540,-3.479
0.689,0.298,0.623,3.967,3.540,-3.418
0.690,0.299,0.617,2.930,3.235,-3.235
0.696,0.305,0.615,2.625,3.052,-2.747
0.704,0.303,0.616,2.747,2.625,-1.953
0.707,0.304,0.614,2.625,1.526,-1.160
0.706,0.306,0.616,2.075,0.488,-0.427
0.700,0.308,0.620,1.648,-0.549,0.244
0.699,0.313,0.617,1.892,-1.404,0.977
0.699,0.318,0.617,1.404,-2.319,1.343
0.693,0.318,0.625,0.549,-3.479,1.404
0.684,0.320,0.637,-0.122,-4.578,1.648
0.673,0.324,0.653,-0.244,-5.371,1.831
0.664,0.330,0.664,0.366,-5.249,2.502
0.657,0.339,0.672,1.648,-4.761,3.418
0.658,0.350,0.675,2.563,-4.089,4.028
0.657,0.355,0.670,3.174,-3.662,3.845

-0.667,1.754,0.734,-4.089,-13.916,48.706
-0.847,1.993,0.866,-13.611,-18.921,5.493
-0.988,2.202,1.008,-20.447,-14.526,-50.354
-1.181,2.293,1.042,-16.541,2.625,-118.347
-1.308,2.299,1.121,-5.127,29.602,-190.796
-1.449,2.251,1.169,12.146,68.237,-264.893
-1.538,2.168,1.090,40.222,124.084,-342.834
-1.653,2.064,1.005,69.031,184.265,-424.011
-1.804,1.910,0.793,94.604,232.300,-503.540
-1.945,1.579,0.547,116.455,250.549,-575.867
-2.067,1.058,0.406,145.752,263.062,-637.573
-2.127,0.683,0.324,164.062,278.381,-687.988
-2.345,0.392,-0.003,164.551,290.527,-739.258
-2.814,-0.355,-0.262,153.870,292.969,-816.895
-2.933,-1.074,-0.835,140.381,289.856,-893.555
-2.860,-2.310,-1.846,147.095,272.400,-937.378
-2.737,-3.535,-1.640,160.461,211.365,-943.726
-2.539,-3.819,-1.354,203.491,148.987,-870.422
-2.484,-3.796,-1.155,218.872,109.863,-785.889
-2.111,-3.653,-1.459,203.613,111.694,-703.735
-1.729,-4.000,-2.182,180.481,105.469,-645.996
-1.041,-4.000,-2.604,163.879,83.923,-583.008
-0.657,-4.000,-2.352,139.526,43.945,-500.366
-0.754,-4.000,-1.304,82.153,-10.437,-353.333
-0.870,-4.000,-0.560,45.044,-31.128,-147.888
-0.828,-4.000,-0.356,30.823,-6.226,48.706
-0.813,-3.960,-0.429,21.484,19.165,190.918
-0.666,-2.923,-0.606,-0.061,19.165,268.311
-0.453,-2.344,-0.586,-35.950,10.742,289.368
-0.342,-2.125,-0.492,-58.533,-2.014,288.574
-0.282,-2.113,-0.422,-75.806,-10.498,281.616
-0.246,-2.127,-0.410,-94.604,-13.367,285.522
-0.211,-2.173,-0.476,-107.727,-13.672,299.744
-0.192,-2.127,-0.430,-113.159,-21.057,321.899
-0.207,-2.011,-0.329,-114.075,-30.701,343.140
-0.214,-1.881,-0.286,-117.371,-36.499,359.436
-0.237,-1.726,-0.228,-123.657,-39.185,373.108
-0.266,-1.527,-0.117,-129.211,-42.297,385.315
-0.246,-1.130,-0.052,-134.155,-43.091,399.475
-0.203,-0.828,-0.057,-127.930,-43.457,403.015
-0.156,-0.700,-0.037,-124.878,-42.236,390.137
-0.104,-0.597,-0.088,-119.324,-39.734,381.714
-0.086,-0.543,-0.125,-112.732,-41.077,377.563
-0.095,-0.473,-0.148,-104.858,-43.518,379.578
-0.125,-0.312,-0.133,-94.055,-48.767,386.658
-0.155,-0.115,-0.105,-84.290,-56.274,392.151
-0.170,0.058,-0.084,-77.393,-62.561,392.090
-0.157,0.211,-0.089,-70.862,-68.542,385.132
-0.164,0.349,-0.064,-68.298,-76.721,374.023
-0.164,0.467,-0.038,-67.566,-86.731,361.267
-0.157,0.566,0.002,-67.017,-96.558,347.717
-0.144,0.663,0.052,-64.148,-106.140,333.679
-0.148,0.742,0.144,-58.105,-113.708,317.688
-0.147,0.832,0.244,-51.941,-117.676,300.842
-0.119,0.931,0.320,-47.974,-116.150,282.776
-0.081,1.005,0.378,-43.091,-111.145,261.841
-0.040,1.044,0.444,-35.889,-106.873,237.854
0.007,1.067,0.517,-29.419,-100.769,211.792
0.047,1.085,0.588,-25.513,-91.492,185.974
0.090,1.125,0.664,-18.921,-80.566,160.645
0.159,1.196,0.721,-13.184,-67.688,135.620
0.219,1.221,0.743,-9.644,-52.551,108.459
0.280,1.194,0.743,-5.127,-38.452,78.735
0.330,1.124,0.745,-0.244,-26.001,50.171
0.374,1.049,0.742,5.310,-15.137,25.208
0.426,0.952,0.722,10.132,-5.493,2.686
0.483,0.827,0.687,14.221,2.502,-16.968
0.528,0.693,0.661,17.700,8.606,-32.715
0.578,0.564,0.634,19.775,12.878,-43.030
0.626,0.449,0.619,21.729,15.442,-48.828
0.670,0.349,0.612,22.827,16.357,-50.354
0.709,0.272,0.610,22.400,15.930,-49.133
0.744,0.227,0.625,20.569,14.771,-45.776
0.786,0.186,0.620,17.700,14.343,-42.786
0.818,0.140,0.615,15.686,13.550,-39.734
0.841,0.098,0.611,14.587,12.512,-35.339
0.828,0.077,0.627,13.733,10.925,-29.785
0.885,0.085,0.615,12.939,11.353,-22.888
0.884,0.089,0.627,12.024,10.315,-17.944
0.899,0.098,0.638,9.216,9.644,-13.916
0.904,0.098,0.615,8.179,10.437,-9.949
0.880,0.133,0.604,11.230,9.583,-5.432
0.919,0.129,0.572,10.681,10.559,-4.333
0.913,0.133,0.561,9.277,9.705,-3.174
0.902,0.149,0.550,11.230,8.179,-1.831
0.895,0.148,0.527,13.794,7.446,-0.671
0.885,0.149,0.509,13.855,6.226,0.427
0.878,0.160,0.501,13.306,3.540,1.465
0.868,0.163,0.501,10.803,-0.427,1.465
0.854,0.160,0.514,7.263,-4.150,0.732
0.833,0.154,0.527,3.601,-7.385,0.061
0.817,0.149,0.540,0.854,-10.071,-0.122
0.796,0.149,0.556,-0.427,-11.475,0.793
0.786,0.168,0.569,-0.183,-11.963,2.136
0.784,0.187,0.573,0.610,-11.292,3.052
0.777,0.191,0.580,1.404,-10.315,2.380
0.772,0.183,0.574,1.404,-8.362,1.343
0.772,0.179,0.563,2.014,-6.409,1.099
0.770,0.187,0.561,3.418,-4.944,2.075
0.770,0.193,0.559,4.211,-4.089,2.380
0.769,0.192,0.556,4.150,-3.479,2.075
0.769,0.188,0.556,3.662,-2.991,1.892
0.767,0.188,0.554,2.808,-2.319,2.197
0.766,0.201,0.554,2.686,-1.709,2.991
0.768,0.221,0.551,3.296,-1.038,3.784
0.774,0.229,0.541,3.906,-0.366,3.235
0.779,0.225,0.532,3.418,-0.244,1.709
0.782,0.221,0.527,2.319,-0.671,0.732
0.785,0.225,0.530,1.587,-1.343,0.061
0.787,0.225,0.540,1.282,-1.953,-0.854
0.787,0.214,0.548,0.610,-2.319,-1.892
0.791,0.201,0.554,0.305,-2.380,-2.441
0.793,0.191,0.559,0.793,-2.197,-2.014
0.793,0.191,0.558,1.648,-1.953,-1.099
0.796,0.196,0.556,2.075,-1.709,-0.305
0.796,0.201,0.553,2.319,-1.709,0.061
0.798,0.198,0.551,2.563,-1.831,-0.122
0.798,0.192,0.556,2.747,-2.014,-0.183
0.798,0.194,0.561,2.563,-2.319,-0.061

-0.396,2.303,0.917,-55.664,-18.616,75.867
-0.512,2.917,1.064,-47.546,-7.202,20.813
-0.630,3.216,1.106,-29.480,13.367,-60.913
-0.856,3.208,1.138,-7.690,34.912,-157.532
-1.088,2.953,1.055,22.400,61.829,-252.991
-1.261,2.610,0.848,60.547,97.656,-336.609
-1.423,2.302,0.613,99.670,133.484,-408.142
-1.572,2.055,0.369,132.629,159.058,-470.825
-1.721,1.867,0.099,157.837,176.270,-522.278
-1.911,1.679,-0.138,178.162,187.683,-569.153
-2.114,1.582,-0.311,190.857,191.772,-620.911
-2.344,1.582,-0.464,193.909,192.078,-677.673
-2.651,1.427,-0.566,194.031,184.326,-744.263
-3.036,1.075,-0.688,183.594,170.349,-814.453
-3.547,0.479,-0.727,169.617,151.306,-877.136
-3.819,-0.250,-1.112,169.373,135.925,-923.279
-3.929,-1.498,-1.469,182.312,106.262,-955.566
-3.547,-3.045,-1.728,206.299,76.782,-931.335
-2.785,-4.000,-1.925,219.360,65.125,-836.304
-1.912,-4.000,-1.910,198.547,46.570,-687.378
-1.664,-4.000,-1.409,166.992,1.648,-547.668
-1.881,-4.000,-0.392,114.624,-54.382,-424.500
-1.837,-4.000,-0.080,73.547,-52.246,-285.706
-1.625,-3.823,-0.429,57.007,-12.512,-196.350
-1.407,-3.841,-0.803,59.143,11.902,-149.109
-1.240,-4.000,-0.831,68.054,4.761,-109.253
-1.086,-4.000,-0.764,71.899,-6.226,-61.096
-0.945,-4.000,-0.705,72.083,-11.169,1.099
-0.783,-4.000,-0.722,61.646,-14.465,73.486
-0.732,-3.987,-0.632,38.452,-20.874,137.939
-0.705,-3.502,-0.544,11.597,-26.367,193.115
-0.637,-3.003,-0.500,-14.038,-29.297,233.276
-0.609,-2.799,-0.461,-42.847,-31.250,254.150
-0.581,-2.794,-0.461,-69.153,-30.457,268.616
-0.602,-2.824,-0.448,-89.172,-34.546,288.696
-0.628,-2.754,-0.419,-101.196,-37.231,319.397
-0.677,-2.562,-0.321,-105.713,-37.903,354.858
-0.727,-2.262,-0.200,-114.502,-38.086,387.085
-0.719,-1.943,-0.146,-125.122,-30.701,413.757
-0.729,-1.677,-0.155,-137.939,-21.240,432.068
-0.631,-1.298,-0.314,-144.592,-13.733,448.547
-0.631,-1.061,-0.314,-149.231,-20.691,447.693
-0.600,-0.926,-0.307,-152.710,-28.503,445.740
-0.599,-0.772,-0.284,-150.208,-33.691,448.059
-0.621,-0.546,-0.264,-148.193,-38.025,454.529
-0.641,-0.331,-0.247,-142.029,-40.405,459.595
-0.624,-0.150,-0.256,-130.310,-41.199,460.876
-0.599,0.017,-0.266,-118.042,-43.152,457.642
-0.561,0.154,-0.306,-107.727,-48.462,448.975
-0.525,0.238,-0.317,-99.487,-58.777,437.866
-0.544,0.328,-0.260,-89.539,-71.594,429.382
-0.563,0.430,-0.217,-82.214,-84.229,421.814
-0.535,0.545,-0.146,-76.538,-95.703,414.307
-0.523,0.696,-0.022,-72.876,-105.164,404.541
-0.494,0.901,0.104,-71.838,-113.403,390.381
-0.426,1.112,0.139,-68.115,-116.089,370.483
-0.332,1.239,0.221,-60.913,-116.028,340.820
-0.243,1.265,0.299,-54.321,-114.075,304.749
-0.179,1.257,0.360,-48.279,-110.352,270.691
-0.119,1.239,0.405,-41.321,-104.553,242.249
-0.070,1.232,0.464,-33.569,-97.900,217.773
-0.038,1.277,0.546,-27.283,-91.431,195.496
0.014,1.351,0.615,-22.095,-83.374,172.241
0.062,1.372,0.685,-18.860,-72.632,145.752
0.100,1.363,0.761,-17.761,-60.425,117.920
0.141,1.376,0.811,-18.005,-48.462,91.431
0.185,1.370,0.822,-16.846,-36.194,65.796
0.229,1.326,0.814,-12.634,-24.536,41.138
0.282,1.261,0.804,-5.676,-14.832,19.043
0.343,1.168,0.789,1.160,-6.348,-0.244
0.395,1.047,0.771,6.042,-1.099,-16.785
0.440,0.932,0.763,8.606,1.831,-30.029
0.484,0.825,0.760,9.644,3.235,-39.551
0.519,0.725,0.767,11.108,4.028,-45.593
0.545,0.638,0.773,12.878,4.822,-48.584
0.606,0.576,0.782,13.916,6.714,-49.011
0.636,0.505,0.782,15.503,8.789,-48.645
0.670,0.458,0.774,18.921,10.010,-46.936
0.707,0.411,0.753,17.944,12.512,-46.326
0.733,0.360,0.729,15.564,14.282,-46.265
0.761,0.311,0.699,13.306,16.418,-45.593
0.783,0.266,0.669,13.123,18.677,-43.945
0.800,0.236,0.636,14.343,20.630,-40.894
0.819,0.214,0.596,15.259,22.339,-38.025
0.830,0.175,0.558,15.564,22.827,-35.767
0.839,0.148,0.523,15.991,22.400,-32.471
0.840,0.133,0.495,16.418,21.729,-28.564
0.847,0.128,0.477,17.029,20.203,-24.109
0.851,0.134,0.459,16.602,18.433,-20.752
0.852,0.133,0.442,15.381,16.296,-18.066
0.855,0.127,0.430,14.282,13.123,-15.686
0.846,0.131,0.428,12.878,9.705,-13.306
0.841,0.135,0.443,10.498,5.798,-11.414
0.836,0.130,0.457,6.165,2.563,-10.315
0.833,0.126,0.461,2.441,0.244,-8.606
0.824,0.138,0.477,0.977,-1.953,-5.371
0.813,0.164,0.496,0.916,-3.662,-2.197
0.805,0.187,0.507,0.427,-4.395,0.488
0.795,0.200,0.521,-0.061,-5.249,2.502
0.788,0.222,0.527,-0.366,-5.798,4.150
0.781,0.241,0.535,-0.427,-6.287,5.310
0.771,0.252,0.548,-0.671,-6.897,6.042
0.762,0.266,0.566,-0.671,-7.263,6.592
0.758,0.280,0.579,-1.282,-7.080,6.775
0.757,0.292,0.581,-2.197,-6.287,6.775
0.753,0.301,0.581,-2.075,-5.493,6.958
0.747,0.314,0.587,-1.099,-4.822,7.568
0.745,0.341,0.592,0.244,-4.089,8.240
0.746,0.358,0.597,1.465,-3.052,7.568
0.750,0.361,0.589,1.343,-1.709,5.493
0.750,0.356,0.578,1.282,-0.671,3.357
0.745,0.350,0.570,1.831,-0.183,1.953
0.745,0.355,0.567,2.197,0.122,1.160
0.751,0.362,0.560,2.380,0.488,0.061
0.759,0.351,0.556,2.380,0.610,-2.075
0.765,0.334,0.551,1.709,0.366,-3.723
0.771,0.313,0.552,1.282,0.061,-4.822
0.773,0.295,0.551,1.282,-0.305,-5.066
0.775,0.280,0.552,1.526,-0.793,-4.700

-0.358,2.292,0.642,4.639,51.514,-96.680
-0.475,2.485,0.576,19.226,64.209,-151.062
-0.591,2.502,0.401,40.344,79.407,-215.759
-0.765,2.323,0.211,66.528,91.736,-283.447
-0.940,2.078,0.020,91.797,99.976,-345.459
-1.088,1.876,-0.185,111.694,107.422,-398.499
-1.229,1.668,-0.352,128.906,110.901,-449.219
-1.353,1.465,-0.489,141.663,109.680,-499.023
-1.530,1.204,-0.580,147.095,102.661,-546.082
-1.631,0.887,-0.684,143.066,92.224,-591.064
-1.754,0.637,-0.656,137.207,77.271,-630.493
-1.922,0.453,-0.604,133.911,62.866,-664.429
-2.220,0.173,-0.445,125.244,41.443,-710.571
-2.526,-0.331,-0.513,123.596,22.095,-755.371
-2.728,-1.371,-1.004,137.817,1.282,-785.706
-2.431,-2.575,-1.303,168.152,-9.705,-777.283
-2.112,-3.876,-1.605,220.886,-19.714,-733.459
-1.829,-4.000,-1.199,229.431,-44.434,-658.936
-1.342,-4.000,-0.592,199.036,-49.072,-499.756
-1.346,-4.000,0.137,142.090,-75.562,-333.740
-1.284,-4.000,0.228,81.177,-60.547,-212.769
-1.084,-4.000,-0.055,51.941,-13.062,-143.860
-0.812,-4.000,-0.210,47.546,11.292,-92.041
-0.579,-4.000,-0.202,55.603,14.221,-25.085
-0.419,-4.000,-0.151,61.401,14.404,47.668
-0.296,-4.000,-0.121,54.016,18.677,120.667
-0.233,-4.000,-0.103,33.264,24.536,181.702
-0.157,-3.647,-0.209,5.188,31.006,231.079
-0.167,-3.188,-0.327,-29.724,31.555,261.108
-0.186,-2.861,-0.357,-62.561,26.550,277.588
-0.205,-2.629,-0.344,-85.754,22.095,288.086
-0.187,-2.440,-0.339,-98.511,16.785,300.354
-0.190,-2.233,-0.243,-102.966,5.615,314.331
-0.202,-2.001,-0.197,-105.896,-4.395,329.102
-0.193,-1.824,-0.197,-110.596,-9.644,341.492
-0.219,-1.649,-0.131,-113.770,-16.785,353.149
-0.265,-1.392,-0.120,-117.188,-23.010,368.103
-0.295,-1.122,-0.153,-121.399,-27.832,382.263
-0.314,-0.844,-0.174,-123.840,-30.823,393.738
-0.341,-0.563,-0.205,-120.300,-34.363,402.283
-0.367,-0.403,-0.185,-122.009,-42.786,400.940
-0.359,-0.235,-0.286,-125.122,-46.082,402.100
-0.406,-0.095,-0.311,-125.305,-53.162,403.320
-0.469,0.062,-0.259,-121.826,-63.965,404.724
-0.487,0.263,-0.242,-117.004,-71.472,406.128
-0.517,0.416,-0.205,-110.779,-77.759,401.733
-0.505,0.552,-0.161,-102.356,-84.045,393.677
-0.501,0.685,-0.091,-92.651,-90.698,383.179
-0.466,0.787,-0.037,-85.266,-95.154,368.042
-0.408,0.862,0.008,-79.468,-98.145,349.915
-0.352,0.974,0.101,-73.669,-101.196,331.848
-0.316,1.104,0.244,-68.176,-103.027,311.340
-0.244,1.234,0.361,-63.660,-99.182,284.363
-0.158,1.349,0.438,-61.890,-91.187,253.113
-0.084,1.423,0.510,-56.580,-82.520,218.018
-0.003,1.451,0.580,-46.997,-73.364,181.030
0.068,1.417,0.632,-35.339,-62.622,143.555
0.132,1.338,0.690,-23.254,-51.208,108.459
0.186,1.224,0.717,-12.634,-39.063,76.965
0.233,1.087,0.711,-5.005,-27.466,50.415
0.281,0.971,0.694,0.488,-18.066,30.457
0.333,0.851,0.680,5.188,-11.536,16.479
0.376,0.737,0.696,9.277,-6.775,6.958
0.418,0.664,0.724,12.268,-2.930,2.014
0.474,0.589,0.747,13.428,1.892,-1.648
0.534,0.529,0.740,12.390,7.690,-4.272
0.597,0.506,0.727,11.475,11.902,-5.615
0.658,0.472,0.714,11.597,14.832,-7.629
0.713,0.443,0.700,11.597,16.907,-9.827
0.766,0.436,0.688,11.230,17.456,-11.414
0.810,0.412,0.677,11.292,17.456,-14.038
0.839,0.362,0.672,11.047,16.357,-17.700
0.859,0.298,0.658,10.986,15.198,-20.081
0.868,0.224,0.652,12.085,13.794,-19.958
0.870,0.164,0.647,12.878,13.000,-17.334
0.887,0.142,0.637,12.878,13.062,-12.756
0.866,0.127,0.625,12.756,12.939,-7.812
0.868,0.159,0.599,13.184,11.719,-2.808
0.869,0.167,0.579,9.216,10.986,-1.099
0.859,0.182,0.567,5.676,9.216,0.061
0.854,0.200,0.560,4.578,7.996,1.587
0.847,0.216,0.547,4.028,7.263,2.441
0.832,0.241,0.536,3.296,6.531,2.808
0.820,0.263,0.526,2.563,5.554,2.197
0.814,0.276,0.521,2.136,4.700,0.366
0.814,0.274,0.514,1.953,3.662,-2.075
0.807,0.241,0.504,1.343,2.380,-4.578
0.796,0.196,0.502,0.793,0.793,-6.348
0.791,0.170,0.509,1.160,-0.854,-5.615
0.786,0.172,0.520,2.075,-1.831,-3.296
0.783,0.177,0.524,3.052,-2.197,-1.099
0.787,0.177,0.524,3.235,-2.502,0.732
0.788,0.182,0.530,1.953,-2.991,2.014
0.786,0.188,0.540,-0.061,-3.662,2.686
0.786,0.194,0.551,-2.319,-4.150,3.113
0.795,0.201,0.564,-4.395,-3.967,3.784
0.790,0.192,0.565,-5.249,-3.662,4.517
0.787,0.195,0.575,-3.418,-3.845,6.653
0.794,0.184,0.560,-3.357,-2.075,8.362
0.793,0.193,0.552,-2.808,-1.099,11.169
0.796,0.214,0.539,-1.648,-0.671,14.526
0.797,0.228,0.531,-0.610,-0.305,16.968
0.795,0.246,0.531,-0.122,-0.244,18.799
0.791,0.266,0.527,-0.610,-0.793,20.020
0.785,0.291,0.530,-1.526,-1.282,20.813
0.786,0.327,0.534,-1.587,-1.831,20.935
0.786,0.340,0.534,-1.831,-1.770,19.409
0.783,0.343,0.534,-1.648,-1.526,17.517
0.774,0.350,0.531,-0.977,-1.526,16.113
0.768,0.357,0.529,-0.305,-1.770,15.015
0.761,0.363,0.530,-0.305,-2.258,13.489
0.755,0.361,0.533,-0.793,-2.869,11.658
0.750,0.359,0.537,-1.038,-3.296,10.254
0.746,0.358,0.541,-0.977,-3.601,9.460
0.739,0.359,0.548,-0.671,-4.211,8.972
0.734,0.360,0.557,-0.427,-4.761,8.606
0.730,0.370,0.573,-0.122,-4.883,8.301
0.730,0.385,0.579,0.427,-4.395,7.385
0.734,0.378,0.572,1.221,-3.601,5.493

0.113,1.745,0.890,-30.090,-0.854,-49.194
0.008,1.898,0.893,-18.372,2.991,-87.219
-0.073,1.861,0.829,-6.104,11.047,-131.592
-0.164,1.745,0.775,9.216,22.644,-172.852
-0.296,1.762,0.762,25.024,39.063,-207.092
-0.386,1.893,0.718,40.833,67.932,-244.019
-0.387,1.990,0.511,59.570,100.220,-289.124
-0.478,1.925,0.317,78.857,110.718,-342.773
-0.615,1.749,0.144,96.802,111.084,-396.240
-0.740,1.586,-0.052,111.816,108.276,-444.580
-0.913,1.310,-0.178,126.892,101.807,-491.638
-1.082,1.097,-0.266,141.541,95.642,-532.104
-1.229,0.985,-0.385,157.166,93.018,-568.726
-1.440,0.891,-0.527,171.143,91.187,-607.727
-1.746,0.702,-0.632,185.974,86.670,-652.710
-1.995,0.250,-0.760,207.397,84.656,-697.571
-2.230,-0.220,-0.867,230.347,82.764,-726.807
-2.368,-0.495,-0.998,254.944,81.543,-733.093
-2.312,-0.737,-1.193,275.330,79.895,-731.384
-2.397,-1.318,-1.496,267.151,72.876,-740.234
-2.203,-1.961,-1.263,230.774,42.419,-734.680
-1.977,-2.154,-1.307,211.731,-2.808,-663.330
-1.857,-2.761,-1.384,199.402,-26.733,-603.394
-1.648,-3.323,-1.370,162.598,-31.982,-544.739
-1.627,-3.635,-1.163,130.249,-47.668,-470.215
-1.578,-4.000,-1.035,104.919,-57.983,-390.259
-1.624,-4.000,-0.827,84.106,-59.753,-299.805
-1.643,-4.000,-0.740,72.388,-52.368,-199.829
-1.704,-4.000,-0.607,64.392,-41.809,-107.910
-1.701,-4.000,-0.477,54.688,-30.884,-29.907
-1.640,-4.000,-0.349,44.373,-24.353,40.161
-1.504,-3.979,-0.370,25.818,-20.203,102.112
-1.362,-3.998,-0.504,-2.441,-16.724,155.090
-1.210,-4.000,-0.650,-29.419,-19.165,210.083
-1.156,-3.999,-0.691,-49.805,-29.175,270.935
-1.194,-3.800,-0.737,-68.237,-42.297,337.219
-1.271,-3.458,-0.676,-92.163,-54.565,398.926
-1.343,-3.046,-0.502,-114.014,-61.035,448.425
-1.361,-2.571,-0.377,-129.700,-57.434,485.229
-1.306,-2.048,-0.328,-140.991,-48.523,508.728
-1.168,-1.541,-0.332,-145.630,-40.283,518.311
-1.017,-1.105,-0.343,-148.987,-38.574,513.733
-0.843,-0.828,-0.377,-154.114,-39.978,497.131
-0.693,-0.677,-0.405,-157.043,-43.823,475.464
-0.607,-0.668,-0.456,-157.532,-51.636,456.909
-0.536,-0.652,-0.446,-153.809,-61.523,447.876
-0.567,-0.497,-0.368,-152.161,-69.580,448.425
-0.577,-0.248,-0.310,-151.794,-75.378,451.965
-0.550,-0.026,-0.302,-150.146,-77.942,449.829
-0.531,0.148,-0.260,-147.156,-80.933,441.833
-0.467,0.303,-0.315,-142.029,-83.252,432.312
-0.445,0.380,-0.306,-134.583,-88.257,421.936
-0.470,0.449,-0.201,-124.756,-96.924,412.292
-0.472,0.588,-0.124,-115.356,-100.098,405.029
-0.447,0.744,-0.046,-108.398,-100.403,394.470
-0.367,0.888,0.009,-100.647,-98.328,378.418
-0.282,0.985,0.027,-92.651,-95.642,357.971
-0.208,1.047,0.021,-84.595,-96.436,335.327
-0.147,1.135,0.093,-75.928,-103.577,312.866
-0.101,1.204,0.215,-69.031,-110.718,286.865
-0.033,1.238,0.298,-64.514,-110.962,257.385
0.013,1.229,0.398,-59.448,-108.398,226.562
0.062,1.232,0.500,-53.467,-105.408,197.449
0.099,1.229,0.614,-47.729,-102.051,168.823
0.153,1.189,0.693,-42.358,-96.252,139.587
0.198,1.151,0.744,-36.621,-86.487,113.037
0.253,1.106,0.777,-28.503,-75.684,89.600
0.313,1.030,0.804,-19.714,-64.209,67.993
0.355,0.969,0.813,-13.123,-52.734,49.622
0.387,0.906,0.819,-9.277,-42.847,33.936
0.416,0.834,0.823,-7.019,-34.546,19.958
0.455,0.753,0.815,-5.127,-27.283,8.118
0.489,0.648,0.801,-2.869,-20.142,-0.488
0.514,0.565,0.800,0.000,-14.648,-4.089
0.544,0.519,0.797,1.526,-9.705,-4.700
0.582,0.492,0.782,2.502,-4.944,-4.272
0.610,0.460,0.756,2.747,-1.953,-3.906
0.642,0.460,0.743,3.235,-0.183,-2.441
0.676,0.463,0.723,4.395,0.732,-0.854
0.697,0.410,0.699,6.226,1.343,-0.427
0.720,0.407,0.703,7.874,0.610,1.160
0.733,0.386,0.699,6.897,0.183,1.404
0.736,0.359,0.704,3.723,-0.671,0.122
0.738,0.350,0.707,1.160,-1.160,-0.305
0.732,0.342,0.710,0.183,-0.427,-0.244
0.719,0.348,0.713,1.465,0.977,0.122
0.705,0.359,0.710,3.296,2.991,0.488
0.696,0.373,0.696,4.822,5.859,0.122
0.694,0.393,0.668,5.981,8.789,-1.221
0.707,0.399,0.637,7.446,11.597,-3.845
0.714,0.355,0.602,8.850,13.550,-7.568
0.708,0.320,0.570,10.132,14.465,-9.705
0.722,0.298,0.534,10.498,14.893,-10.010
0.730,0.268,0.520,9.033,12.817,-10.742
0.734,0.247,0.514,7.080,9.949,-10.010
0.739,0.235,0.517,5.920,7.385,-7.874
0.747,0.238,0.520,4.944,4.883,-5.249
0.750,0.238,0.522,3.723,2.869,-3.235
0.751,0.245,0.528,2.319,0.916,-1.587
0.745,0.261,0.542,1.282,-1.099,0.732
0.739,0.297,0.565,0.427,-2.136,3.052
0.752,0.342,0.558,-1.038,-1.953,4.028
0.738,0.353,0.587,-1.221,-2.380,2.502
0.741,0.356,0.579,-0.793,-2.075,0.977
0.729,0.350,0.592,0.305,-2.136,-0.488
0.723,0.343,0.598,2.014,-2.136,-0.732
0.719,0.340,0.601,3.235,-1.343,-0.549
0.720,0.355,0.606,4.333,-0.854,0.122
0.724,0.356,0.602,4.822,-0.244,-0.122
0.726,0.344,0.595,4.822,-0.183,-1.221
0.721,0.335,0.594,5.066,-0.305,-1.526
0.720,0.324,0.586,5.249,-0.244,-1.160
0.723,0.319,0.577,4.578,-0.610,-0.610
0.722,0.315,0.580,3.479,-1.465,-0.183
0.719,0.311,0.584,2.197,-2.625,0.122
0.712,0.316,0.591,1.404,-3.540,1.099
0.708,0.327,0.599,1.526,-3.784,2.319
0.706,0.341,0.609,2.136,-3.662,3.418
0.708,0.370,0.613,3.113,-2.930,4.211

-0.645,1.788,0.784,-15.564,-13.489,-51.575
-0.696,2.198,0.859,-4.944,-0.549,-83.252
-0.928,2.606,0.998,14.221,17.151,-134.827
-1.094,2.836,0.959,40.405,45.776,-208.557
-1.312,2.696,0.784,82.214,88.074,-299.988
-1.492,2.350,0.496,129.883,140.137,-389.771
-1.588,2.000,0.024,175.232,192.261,-468.628
-1.745,1.666,-0.276,210.693,219.971,-533.936
-1.960,1.485,-0.481,235.718,236.511,-600.220
-2.218,1.312,-0.770,249.817,252.014,-678.467
-2.645,0.863,-1.187,250.671,257.751,-772.156
-3.307,0.072,-1.487,241.516,249.451,-871.155
-3.784,-0.698,-1.821,238.037,228.149,-951.477
-3.764,-2.156,-2.795,234.070,197.021,-1004.639
-3.364,-3.880,-3.002,245.117,139.587,-992.737
-2.772,-4.000,-2.677,305.237,57.556,-881.042
-1.936,-4.000,-2.839,317.017,21.423,-734.741
-1.304,-4.000,-2.598,257.996,9.766,-583.557
-1.016,-4.000,-1.952,168.884,-17.273,-454.895
-0.891,-4.000,-1.220,82.153,-46.753,-340.698
-0.930,-4.000,-0.658,27.588,-70.801,-227.417
-0.769,-4.000,-0.436,14.526,-53.528,-107.300
-0.600,-4.000,-0.594,9.277,-12.390,6.897
-0.506,-3.735,-0.573,5.920,4.150,95.703
-0.427,-3.197,-0.504,0.916,-0.366,149.475
-0.350,-2.873,-0.429,-8.667,-16.846,180.481
-0.323,-2.689,-0.413,-29.724,-36.255,200.439
-0.373,-2.564,-0.387,-55.969,-54.810,214.478
-0.406,-2.492,-0.379,-81.604,-69.519,226.562
-0.417,-2.432,-0.317,-105.164,-78.064,240.112
-0.422,-2.321,-0.236,-118.164,-77.393,257.935
-0.419,-2.098,-0.166,-122.375,-71.716,281.189
-0.390,-1.837,-0.143,-124.695,-64.392,302.002
-0.337,-1.631,-0.125,-125.916,-59.143,315.308
-0.291,-1.482,-0.117,-127.441,-56.641,323.608
-0.286,-1.303,-0.097,-129.883,-57.678,332.153
-0.223,-1.115,-0.152,-131.042,-57.434,341.553
-0.162,-0.984,-0.247,-132.324,-56.519,347.656
-0.132,-0.862,-0.296,-137.939,-60.425,352.112
-0.133,-0.725,-0.289,-144.043,-68.481,356.812
-0.122,-0.621,-0.296,-146.851,-75.500,361.328
-0.133,-0.510,-0.306,-150.085,-79.712,366.028
-0.166,-0.307,-0.247,-152.466,-87.402,371.155
-0.158,-0.144,-0.179,-151.062,-92.407,370.483
-0.131,-0.083,-0.133,-147.217,-91.003,363.281
-0.096,-0.040,-0.105,-144.165,-88.440,355.835
-0.108,0.039,-0.047,-139.954,-87.708,350.525
-0.124,0.147,-0.001,-137.146,-86.975,346.863
-0.116,0.235,0.074,-134.827,-84.412,339.966
-0.106,0.295,0.109,-133.667,-80.872,331.421
-0.093,0.395,0.146,-131.470,-79.895,323.608
-0.079,0.458,0.201,-128.174,-80.566,314.270
-0.070,0.511,0.248,-121.521,-80.872,304.321
-0.087,0.578,0.309,-113.098,-80.566,296.509
-0.101,0.649,0.385,-102.844,-78.308,290.222
-0.096,0.758,0.492,-93.567,-74.219,283.020
-0.083,0.911,0.572,-86.731,-67.932,272.949
-0.046,1.088,0.628,-78.918,-60.730,257.751
0.005,1.209,0.644,-69.336,-52.490,235.962
0.063,1.288,0.659,-58.167,-45.044,209.045
0.126,1.333,0.681,-46.997,-38.574,179.382
0.180,1.353,0.697,-35.950,-32.654,148.437
0.219,1.347,0.710,-26.978,-27.222,118.347
0.259,1.292,0.717,-18.799,-22.156,89.355
0.304,1.204,0.707,-10.925,-15.564,62.134
0.337,1.100,0.688,-4.944,-9.583,39.185
0.366,1.004,0.672,-0.305,-5.493,20.935
0.400,0.922,0.651,3.235,-3.052,6.287
0.448,0.833,0.643,5.371,-1.221,-5.737
0.477,0.732,0.635,4.700,0.305,-16.357
0.511,0.665,0.640,5.005,0.061,-22.827
0.564,0.609,0.635,6.897,0.977,-26.672
0.612,0.538,0.630,8.606,2.441,-30.151
0.640,0.478,0.634,9.338,2.747,-31.860
0.666,0.414,0.629,9.644,3.052,-31.677
0.682,0.360,0.621,10.437,3.174,-29.419
0.693,0.329,0.614,11.230,3.174,-25.024
0.699,0.319,0.611,12.085,2.930,-20.142
0.710,0.332,0.602,12.451,2.502,-15.747
0.707,0.349,0.606,11.841,1.953,-12.817
0.722,0.355,0.595,9.460,1.648,-12.268
0.728,0.363,0.607,6.592,-0.244,-12.817
0.729,0.368,0.625,4.639,-2.014,-14.221
0.736,0.355,0.635,3.235,-2.380,-16.174
0.735,0.346,0.657,3.296,-2.563,-17.517
0.742,0.328,0.664,3.662,-1.526,-18.494
0.747,0.311,0.659,4.700,0.610,-18.982
0.748,0.294,0.646,6.775,2.686,-18.616
0.745,0.274,0.633,9.399,4.822,-17.456
0.744,0.260,0.614,11.780,7.202,-15.686
0.746,0.238,0.596,12.878,8.728,-13.611
0.752,0.235,0.567,12.024,9.338,-11.292
0.748,0.224,0.555,10.925,8.972,-8.789
0.745,0.227,0.544,10.376,7.935,-5.737
0.738,0.241,0.549,9.460,6.775,-3.235
0.739,0.256,0.559,8.240,6.165,-1.465
0.747,0.298,0.549,7.629,6.042,0.671
0.750,0.317,0.541,5.615,5.554,0.183
0.748,0.313,0.535,3.113,4.456,-1.953
0.742,0.311,0.532,1.892,3.113,-2.747
0.737,0.307,0.537,1.892,2.258,-2.808
0.736,0.308,0.547,2.258,2.136,-2.258
0.739,0.324,0.548,2.380,2.502,-1.221
0.745,0.333,0.548,2.441,2.563,-1.099
0.748,0.328,0.548,2.502,2.075,-1.831
0.748,0.321,0.551,2.197,1.465,-2.563
0.747,0.308,0.560,1.953,0.916,-2.869
0.747,0.299,0.573,1.831,0.427,-2.625
0.750,0.307,0.576,1.953,0.732,-1.831
0.757,0.306,0.574,2.075,1.099,-1.282
0.764,0.301,0.573,2.258,0.916,-0.854
0.767,0.302,0.573,2.747,0.916,0.000
0.767,0.305,0.575,2.930,0.671,0.671
0.765,0.306,0.573,2.991,0.305,1.282
0.759,0.309,0.571,2.991,0.061,1.892
0.756,0.308,0.572,3.357,-0.305,2.258
0.755,0.306,0.574,3.967,-0.427,2.991
0.752,0.307,0.575,4.883,-0.488,4.028
0.750,0.308,0.575,5.737,-0.671,5.066

-0.741,2.195,0.804,-38.147,-50.232,25.818
-1.015,2.745,1.138,-31.738,-50.476,-25.635
-1.243,3.362,1.344,-16.479,-26.428,-99.304
-1.575,3.677,1.371,16.052,20.447,-197.876
-1.896,3.505,1.229,64.880,82.214,-316.772
-2.214,3.031,0.837,124.512,153.931,-434.448
-2.484,2.431,0.287,187.866,213.501,-530.151
-2.750,1.890,-0.210,242.065,249.451,-600.647
-2.925,1.476,-0.709,277.344,277.283,-654.053
-3.176,1.282,-0.962,294.128,286.621,-700.562
-3.503,1.236,-1.186,299.622,288.696,-755.859
-3.726,0.816,-2.005,296.875,292.664,-830.383
-4.000,-0.173,-2.732,280.762,275.513,-920.593
-4.000,-1.429,-2.953,273.926,232.422,-997.803
-4.000,-2.413,-3.411,280.701,175.354,-1014.343
-4.000,-3.911,-3.766,276.733,127.075,-1002.869
-3.601,-4.000,-3.596,266.907,84.290,-948.730
-2.672,-4.000,-3.259,243.652,33.997,-827.332
-1.704,-4.000,-2.707,198.120,12.817,-667.664
-1.246,-4.000,-1.748,154.480,-0.122,-497.864
-0.920,-4.000,-1.264,123.230,-6.409,-302.856
-0.856,-4.000,-1.021,92.163,-6.287,-101.868
-0.898,-4.000,-0.818,64.880,-1.831,28.870
-0.778,-3.678,-0.767,34.851,1.282,90.271
-0.694,-3.197,-0.625,5.371,-10.803,116.577
-0.586,-2.936,-0.481,-10.742,-21.362,132.446
-0.505,-2.789,-0.375,-18.066,-31.860,148.682
-0.458,-2.692,-0.358,-30.029,-39.978,164.978
-0.466,-2.699,-0.347,-53.711,-49.316,176.208
-0.461,-2.686,-0.363,-82.642,-60.059,188.599
-0.458,-2.620,-0.379,-106.384,-71.106,206.238
-0.462,-2.606,-0.333,-125.854,-73.486,223.206
-0.492,-2.560,-0.264,-140.259,-69.092,243.225
-0.523,-2.384,-0.210,-148.682,-64.026,270.813
-0.544,-2.133,-0.180,-155.945,-59.387,298.279
-0.548,-1.881,-0.184,-164.612,-52.917,318.176
-0.513,-1.673,-0.260,-174.438,-43.274,330.811
-0.456,-1.507,-0.313,-180.054,-38.696,340.027
-0.440,-1.366,-0.324,-180.359,-38.513,348.999
-0.433,-1.176,-0.386,-176.270,-39.612,361.816
-0.406,-1.019,-0.448,-172.852,-41.504,373.657
-0.453,-0.846,-0.416,-171.448,-44.189,385.925
-0.487,-0.646,-0.408,-169.495,-41.565,398.376
-0.467,-0.489,-0.429,-169.312,-33.997,407.043
-0.443,-0.391,-0.427,-168.152,-27.954,412.231
-0.482,-0.252,-0.377,-160.522,-27.954,419.495
-0.510,-0.080,-0.313,-150.269,-31.067,427.002
-0.523,0.074,-0.252,-140.625,-31.555,431.641
-0.536,0.214,-0.199,-130.310,-29.663,435.608
-0.525,0.364,-0.157,-118.958,-26.428,438.232
-0.505,0.512,-0.117,-106.812,-22.034,436.096
-0.460,0.658,-0.065,-91.919,-16.479,429.199
-0.406,0.762,-0.052,-73.669,-10.620,416.626
-0.323,0.844,-0.035,-55.237,-13.489,398.437
-0.284,0.899,0.012,-41.809,-24.292,377.502
-0.228,0.988,0.085,-35.156,-36.682,355.164
-0.175,1.063,0.128,-33.936,-46.448,328.918
-0.130,1.172,0.167,-32.898,-55.664,301.453
-0.063,1.234,0.209,-28.442,-63.477,270.996
0.006,1.257,0.234,-21.973,-70.557,239.746
0.024,1.261,0.322,-15.137,-80.261,210.999
0.072,1.254,0.402,-11.169,-85.571,183.716
0.150,1.254,0.410,-10.498,-83.679,158.752
0.175,1.226,0.447,-10.132,-84.656,134.521
0.207,1.176,0.504,-10.315,-88.135,111.389
0.232,1.100,0.561,-12.817,-89.722,89.355
0.258,1.026,0.623,-15.625,-90.332,70.984
0.279,0.961,0.691,-17.334,-89.294,56.274
0.320,0.903,0.748,-18.616,-86.060,44.617
0.336,0.855,0.808,-19.104,-81.482,35.522
0.357,0.837,0.861,-19.165,-75.867,28.564
0.384,0.834,0.896,-17.761,-67.810,22.766
0.419,0.831,0.909,-14.954,-58.289,17.090
0.460,0.825,0.913,-11.230,-48.584,10.986
0.494,0.810,0.916,-7.568,-39.368,4.333
0.518,0.791,0.909,-4.395,-30.640,-2.319
0.535,0.757,0.891,-0.061,-21.973,-8.667
0.555,0.707,0.868,4.456,-13.916,-14.954
0.568,0.660,0.850,8.789,-6.897,-19.775
0.588,0.618,0.823,12.695,-1.099,-23.499
0.599,0.571,0.795,15.930,4.211,-26.611
0.611,0.540,0.766,17.883,8.545,-28.748
0.628,0.510,0.724,19.043,12.451,-30.273
0.646,0.465,0.670,20.569,15.198,-31.006
0.658,0.415,0.626,22.034,16.296,-29.968
0.670,0.384,0.596,22.400,15.747,-27.161
0.672,0.362,0.589,21.973,13.855,-23.804
0.676,0.365,0.575,18.555,12.939,-18.921
0.679,0.384,0.560,15.015,11.536,-14.893
0.680,0.404,0.561,11.963,9.338,-12.634
0.685,0.427,0.559,9.644,7.874,-11.841
0.695,0.442,0.558,8.179,7.324,-11.780
0.703,0.447,0.557,7.202,7.263,-12.634
0.710,0.457,0.558,7.019,6.836,-14.282
0.715,0.446,0.555,6.775,6.836,-17.029
0.716,0.416,0.549,5.859,6.714,-19.653
0.719,0.389,0.533,4.761,6.775,-21.362
0.711,0.358,0.538,4.211,6.042,-21.851
0.709,0.337,0.540,4.395,5.859,-21.057
0.709,0.324,0.535,4.883,6.287,-18.799
0.712,0.311,0.529,4.639,6.409,-16.174
0.714,0.306,0.519,3.662,6.165,-12.939
0.715,0.314,0.517,2.625,5.310,-9.033
0.714,0.338,0.528,1.831,4.272,-5.310
0.716,0.369,0.536,1.648,3.540,-2.930
0.719,0.390,0.537,1.343,3.418,-1.892
0.721,0.404,0.532,0.610,3.418,-1.770
0.718,0.411,0.530,0.488,2.930,-1.953
0.717,0.421,0.536,0.732,2.502,-2.075
0.721,0.436,0.536,1.038,2.441,-2.441
0.724,0.433,0.534,1.709,2.441,-3.235
0.725,0.414,0.533,2.014,1.709,-4.272
0.724,0.399,0.531,2.258,1.038,-4.456
0.720,0.394,0.537,2.563,0.366,-3.906
0.748,0.420,0.503,2.808,0.000,-3.418
0.706,0.387,0.577,3.418,-3.113,-4.395
0.716,0.375,0.548,3.235,-1.099,-3.540
0.723,0.402,0.526,2.991,0.488,-1.587
0.711,0.401,0.565,3.113,-1.770,-1.282

-0.537,1.633,0.790,29.663,1.770,-29.236
-0.683,1.816,0.786,36.499,14.282,-60.303
-0.844,2.057,0.770,39.551,31.982,-100.159
-1.026,2.227,0.729,47.302,54.688,-150.757
-1.211,2.319,0.653,69.275,84.900,-209.229
-1.377,2.430,0.469,101.257,121.399,-270.630
-1.586,2.407,0.178,139.343,156.372,-338.196
-1.797,2.215,-0.174,181.091,191.162,-411.682
-1.880,1.927,-0.584,218.506,225.464,-484.924
-2.027,1.677,-0.835,241.272,240.356,-551.392
-2.219,1.621,-1.055,252.319,240.540,-613.708
-2.511,1.458,-1.234,255.981,232.361,-682.068
-2.948,1.263,-1.310,250.061,220.276,-764.587
-3.386,0.908,-1.740,232.239,214.172,-866.882
-4.000,0.021,-2.033,208.557,188.782,-987.305
-4.000,-1.239,-2.107,182.495,142.700,-1087.402
-4.000,-2.179,-2.027,202.209,86.182,-1107.361
-4.000,-2.870,-2.208,250.671,38.025,-1056.519
-4.000,-3.644,-2.543,291.992,3.174,-965.820
-3.508,-4.000,-3.254,275.452,-21.423,-833.130
-2.731,-4.000,-3.084,239.563,-43.518,-715.759
-2.561,-4.000,-1.679,194.092,-76.721,-632.996
-2.579,-4.000,-0.193,144.165,-85.754,-505.615
-2.298,-4.000,0.443,102.295,-60.242,-274.841
-2.134,-4.000,0.101,64.209,-3.601,-20.386
-2.038,-4.000,-0.232,48.889,41.565,156.494
-1.853,-3.652,-0.529,16.052,65.735,242.981
-1.599,-2.960,-0.645,-17.883,61.646,267.639
-1.299,-2.734,-0.583,-30.701,32.837,265.259
-1.160,-2.757,-0.425,-44.861,8.057,256.104
-1.099,-2.824,-0.382,-61.768,-2.258,254.700
-1.038,-2.811,-0.457,-79.834,-7.507,267.761
-1.013,-2.738,-0.506,-98.694,-12.817,290.649
-1.056,-2.589,-0.379,-115.601,-17.151,317.688
-1.126,-2.360,-0.172,-129.089,-17.822,345.825
-1.132,-2.052,-0.062,-138.611,-8.362,372.253
-1.083,-1.744,-0.049,-150.574,7.751,388.855
-0.927,-1.510,-0.181,-163.635,24.048,394.165
-0.782,-1.366,-0.345,-170.898,32.532,392.761
-0.674,-1.270,-0.469,-171.326,30.640,392.029
-0.627,-1.181,-0.500,-166.138,21.362,395.203
-0.595,-1.099,-0.510,-156.128,9.644,402.832
-0.563,-1.036,-0.547,-145.447,0.000,411.987
-0.569,-0.958,-0.612,-141.296,-8.179,422.791
-0.582,-0.898,-0.688,-141.479,-16.296,434.692
-0.633,-0.751,-0.651,-141.113,-25.574,448.975
-0.677,-0.540,-0.531,-141.296,-29.907,461.182
-0.652,-0.318,-0.510,-141.968,-23.621,466.736
-0.619,-0.087,-0.507,-141.663,-16.663,467.163
-0.567,0.140,-0.495,-139.587,-16.724,463.562
-0.516,0.315,-0.475,-136.169,-22.034,454.895
-0.495,0.437,-0.426,-128.906,-29.419,442.810
-0.474,0.530,-0.350,-118.042,-37.598,431.213
-0.456,0.606,-0.295,-104.980,-43.945,422.241
-0.448,0.705,-0.202,-92.285,-48.645,412.964
-0.423,0.815,-0.133,-80.627,-50.537,401.001
-0.399,0.931,-0.073,-67.688,-50.354,388.611
-0.361,1.029,-0.079,-51.208,-50.232,375.793
-0.298,1.124,-0.020,-35.034,-52.246,361.328
-0.274,1.239,0.055,-15.442,-58.167,339.539
-0.233,1.322,0.149,-7.385,-69.702,311.584
-0.194,1.430,0.281,-2.686,-80.872,280.273
-0.161,1.476,0.405,-0.488,-88.623,245.483
-0.132,1.500,0.520,-1.099,-92.773,209.656
-0.063,1.523,0.585,-2.991,-92.957,176.147
-0.017,1.503,0.620,-3.235,-89.783,143.494
0.016,1.487,0.689,-2.380,-88.257,112.915
0.071,1.452,0.745,-4.944,-83.618,82.275
0.116,1.382,0.799,-10.010,-78.430,51.453
0.169,1.304,0.848,-14.465,-73.792,22.400
0.239,1.206,0.882,-17.517,-68.420,-2.991
0.282,1.098,0.896,-18.738,-62.866,-23.926
0.340,0.990,0.919,-18.555,-57.922,-40.161
0.393,0.882,0.944,-16.602,-51.819,-51.697
0.444,0.768,0.959,-14.282,-44.434,-59.448
0.485,0.669,0.979,-11.536,-36.865,-63.171
0.516,0.596,0.989,-7.751,-28.931,-63.538
0.568,0.503,0.975,-2.930,-19.104,-62.744
0.613,0.399,0.948,2.441,-8.728,-60.181
0.646,0.303,0.916,8.301,0.061,-54.504
0.665,0.233,0.887,13.550,8.484,-45.959
0.687,0.201,0.842,17.578,16.724,-35.645
0.714,0.210,0.792,19.958,23.804,-25.146
0.734,0.256,0.755,21.240,28.870,-15.991
0.752,0.334,0.716,22.400,33.142,-9.705
0.770,0.408,0.664,23.010,36.499,-7.751
0.782,0.431,0.606,23.132,38.574,-10.742
0.791,0.408,0.551,23.376,39.185,-16.052
0.799,0.364,0.498,23.499,38.757,-20.203
0.801,0.310,0.452,22.522,36.499,-22.339
0.799,0.259,0.425,20.020,32.104,-22.461
0.798,0.230,0.409,16.418,27.039,-20.386
0.794,0.224,0.411,12.756,22.095,-16.357
0.793,0.247,0.409,9.949,18.250,-12.085
0.786,0.260,0.417,7.568,14.343,-9.094
0.780,0.277,0.425,4.944,11.108,-6.836
0.770,0.314,0.433,2.808,8.179,-4.944
0.757,0.341,0.447,1.526,5.005,-4.395
0.741,0.365,0.470,0.183,2.563,-4.639
0.731,0.387,0.493,-0.366,1.099,-5.127
0.724,0.397,0.510,0.183,0.732,-5.859
0.720,0.401,0.524,1.526,0.977,-6.531
0.722,0.394,0.530,3.479,1.526,-7.263
0.722,0.371,0.534,5.432,2.197,-7.935
0.722,0.356,0.534,6.165,2.869,-8.057
0.730,0.346,0.529,5.615,3.418,-7.568
0.736,0.337,0.526,4.456,3.662,-6.958
0.745,0.342,0.521,3.540,4.089,-5.310
0.751,0.360,0.520,3.723,4.028,-3.662
0.761,0.387,0.513,4.028,4.150,-2.808
0.770,0.396,0.504,4.028,4.211,-3.113
0.775,0.394,0.500,3.418,3.418,-4.272
0.773,0.384,0.501,2.808,2.380,-5.676
0.774,0.376,0.503,2.625,1.526,-6.653
0.778,0.377,0.509,2.258,0.854,-7.385
0.786,0.361,0.505,1.587,0.061,-8.728
0.786,0.335,0.504,0.244,-0.854,-10.315
0.789,0.308,0.507,-0.854,-1.953,-10.620
0.792,0.285,0.517,-0.793,-2.380,-9.766

-0.559,1.601,0.999,-14.893,-64.392,12.695
-0.693,1.874,1.076,-12.451,-53.284,-13.062
-0.850,2.099,1.194,-4.395,-40.161,-50.232
-1.030,2.326,1.275,9.033,-20.996,-96.436
-1.230,2.434,1.271,29.907,6.104,-152.283
-1.399,2.324,1.178,58.411,41.870,-216.736
-1.567,2.099,1.021,88.318,81.726,-280.579
-1.719,1.893,0.830,119.080,123.047,-340.149
-1.875,1.743,0.646,152.161,168.091,-394.470
-2.057,1.629,0.438,184.326,216.248,-447.815
-2.138,1.388,0.053,215.210,264.343,-502.930
-2.260,1.103,-0.237,238.098,294.556,-555.847
-2.398,0.999,-0.457,251.892,311.218,-601.074
-2.508,0.813,-0.852,255.432,323.730,-649.963
-2.742,0.586,-1.075,250.793,322.205,-709.778
-3.091,0.302,-1.388,246.643,323.853,-779.907
-3.389,-0.435,-2.032,231.812,321.594,-861.328
-3.799,-1.185,-2.420,222.656,278.809,-924.377
-3.840,-1.987,-3.241,244.995,222.961,-948.242
-2.992,-3.757,-4.000,270.325,192.383,-927.551
-2.230,-4.000,-4.000,254.333,142.395,-871.277
-1.872,-4.000,-2.837,219.421,57.007,-735.840
-1.582,-4.000,-1.601,191.711,-3.662,-534.546
-1.262,-4.000,-1.231,140.320,-15.625,-330.566
-1.071,-4.000,-1.266,85.266,15.747,-157.715
-0.878,-4.000,-1.284,52.551,39.429,-19.470
-0.695,-4.000,-1.142,29.724,32.532,83.862
-0.599,-3.981,-0.842,13.184,9.705,153.931
-0.476,-3.445,-0.654,5.188,-2.930,199.158
-0.334,-3.082,-0.636,-4.883,-7.935,223.145
-0.280,-2.849,-0.635,-21.667,-18.982,235.229
-0.304,-2.653,-0.595,-41.748,-33.569,243.713
-0.301,-2.499,-0.601,-62.195,-46.326,251.770
-0.300,-2.450,-0.600,-77.698,-55.969,260.376
-0.294,-2.445,-0.552,-87.524,-61.646,270.386
-0.320,-2.402,-0.418,-94.055,-64.270,288.025
-0.367,-2.218,-0.301,-98.694,-65.063,312.500
-0.390,-1.930,-0.259,-106.018,-63.171,336.731
-0.364,-1.643,-0.271,-116.333,-58.777,351.807
-0.323,-1.404,-0.334,-125.488,-55.359,359.131
-0.293,-1.174,-0.410,-132.141,-56.519,362.915
-0.259,-1.002,-0.447,-135.986,-63.843,363.525
-0.240,-0.934,-0.438,-135.742,-72.876,362.183
-0.284,-0.854,-0.401,-133.362,-78.064,364.258
-0.268,-0.689,-0.406,-130.066,-79.712,372.437
-0.329,-0.499,-0.346,-128.479,-80.444,377.808
-0.304,-0.387,-0.355,-125.000,-72.998,379.456
-0.297,-0.284,-0.393,-119.141,-63.171,381.348
-0.323,-0.099,-0.383,-114.929,-62.927,386.353
-0.323,0.079,-0.374,-111.084,-65.613,389.343
-0.312,0.198,-0.365,-106.262,-69.397,389.404
-0.332,0.305,-0.335,-97.229,-73.486,389.160
-0.338,0.437,-0.274,-86.060,-76.660,390.137
-0.322,0.584,-0.180,-72.815,-77.881,389.465
-0.284,0.681,-0.092,-58.960,-76.538,380.920
-0.287,0.762,0.015,-46.387,-75.867,366.333
-0.244,0.877,0.079,-32.043,-73.608,350.281
-0.201,0.972,0.151,-16.296,-72.754,331.177
-0.125,1.057,0.167,-4.883,-74.341,307.434
-0.064,1.129,0.238,1.343,-79.407,279.724
0.032,1.175,0.245,-0.244,-82.458,247.803
0.112,1.150,0.252,-5.676,-85.205,214.050
0.165,1.098,0.289,-10.315,-91.736,182.922
0.177,1.057,0.382,-11.597,-100.159,156.494
0.202,0.998,0.467,-10.193,-104.309,134.766
0.227,0.947,0.524,-8.362,-103.638,116.638
0.249,0.886,0.579,-8.484,-101.379,101.074
0.274,0.810,0.630,-10.254,-98.328,87.891
0.298,0.756,0.668,-13.123,-94.482,78.979
0.318,0.743,0.704,-14.954,-90.271,72.998
0.340,0.754,0.738,-15.625,-86.365,68.665
0.365,0.797,0.774,-17.700,-82.214,63.232
0.403,0.829,0.797,-20.508,-78.308,56.152
0.405,0.842,0.856,-23.315,-75.439,45.837
0.436,0.846,0.884,-25.391,-70.496,35.767
0.458,0.834,0.918,-25.085,-64.026,26.306
0.471,0.820,0.972,-23.193,-58.044,16.174
0.487,0.784,1.000,-20.081,-49.255,7.202
0.500,0.733,1.009,-15.808,-39.185,0.427
0.512,0.688,1.002,-9.827,-28.809,-3.845
0.538,0.656,0.976,-2.197,-17.395,-6.104
0.536,0.618,0.951,6.165,-7.874,-8.667
0.560,0.582,0.915,13.611,-0.244,-9.888
0.582,0.552,0.844,20.264,9.766,-10.803
0.599,0.529,0.794,24.353,16.663,-11.902
0.617,0.523,0.747,26.733,20.874,-13.123
0.636,0.498,0.694,27.344,24.170,-15.442
0.653,0.463,0.643,27.954,26.611,-17.761
0.667,0.433,0.599,28.442,27.588,-18.616
0.670,0.416,0.574,28.381,27.283,-18.311
0.674,0.402,0.540,26.978,27.039,-17.761
0.679,0.389,0.506,25.696,26.123,-16.663
0.682,0.384,0.483,24.475,24.231,-14.587
0.685,0.378,0.465,22.766,21.851,-12.451
0.686,0.364,0.458,20.813,18.494,-10.437
0.687,0.362,0.448,18.311,14.954,-8.179
0.690,0.362,0.446,16.174,11.230,-5.737
0.692,0.379,0.459,13.916,7.080,-3.479
0.695,0.417,0.482,10.498,3.052,-2.869
0.706,0.439,0.500,5.737,0.000,-4.517
0.713,0.423,0.506,0.488,-2.075,-8.911
0.711,0.396,0.529,-3.235,-4.028,-12.268
0.707,0.366,0.549,-4.883,-5.005,-13.550
0.703,0.346,0.564,-4.578,-4.639,-12.512
0.704,0.341,0.574,-2.808,-3.906,-9.521
0.702,0.356,0.586,-1.160,-2.747,-5.615
0.703,0.374,0.590,0.122,-1.282,-3.174
0.702,0.379,0.584,0.732,0.244,-1.770
0.695,0.386,0.576,0.793,1.282,-0.122
0.691,0.394,0.578,1.953,1.099,1.099
0.674,0.391,0.592,2.930,0.305,2.869
0.697,0.442,0.542,3.601,3.174,5.981
0.679,0.454,0.585,4.150,1.648,6.531
0.685,0.476,0.571,3.357,1.465,5.859
0.692,0.493,0.557,1.953,1.831,4.456
0.684,0.484,0.582,1.343,-0.793,1.465
0.682,0.479,0.588,0.000,-1.648,-0.916
0.693,0.499,0.584,-0.854,-0.305,-2.625
0.694,0.479,0.604,-0.977,-0.427,-5.249

-0.940,1.808,0.950,-0.977,-25.818,33.203
-1.205,2.387,1.139,2.747,-13.000,4.028
-1.508,3.017,1.242,17.639,12.939,-50.598
-1.767,3.482,1.207,51.331,59.998,-135.193
-2.029,3.568,0.903,98.206,124.023,-242.065
-2.339,3.239,0.442,144.287,192.749,-360.107
-2.600,2.818,-0.198,189.209,257.141,-470.032
-2.835,2.233,-0.846,230.347,297.302,-567.017
-3.011,1.756,-1.266,259.155,317.627,-649.841
-3.070,1.469,-1.709,263.855,328.430,-721.313
-3.357,1.220,-1.867,250.732,302.429,-792.480
-3.820,1.149,-1.790,237.488,266.602,-873.474
-4.000,0.540,-2.551,221.069,241.028,-980.591
-4.000,-1.446,-3.334,200.562,192.810,-1111.084
-4.000,-3.408,-2.607,237.427,98.877,-1165.222
-4.000,-4.000,-2.206,327.637,52.856,-1101.074
-3.981,-4.000,-2.982,385.742,79.407,-958.191
-3.000,-4.000,-3.202,386.108,106.079,-780.273
-2.208,-4.000,-2.793,336.731,99.426,-602.478
-1.583,-4.000,-2.222,244.202,94.421,-450.256
-1.267,-4.000,-1.546,143.921,76.050,-314.331
-1.086,-4.000,-1.266,77.454,47.119,-148.010
-1.036,-4.000,-1.135,50.659,20.264,34.790
-0.994,-4.000,-1.018,37.720,6.226,164.185
-0.922,-3.998,-0.849,22.156,0.916,231.445
-0.768,-3.503,-0.777,0.061,-0.732,263.672
-0.648,-3.170,-0.823,-27.527,-5.493,277.283
-0.668,-2.922,-0.798,-59.998,-21.912,284.302
-0.746,-2.594,-0.697,-87.830,-44.739,296.204
-0.762,-2.308,-0.613,-108.887,-60.120,307.983
-0.746,-2.135,-0.489,-126.465,-64.758,311.584
-0.692,-1.999,-0.387,-140.747,-59.204,313.416
-0.607,-1.888,-0.346,-148.499,-48.584,317.627
-0.554,-1.758,-0.333,-150.879,-38.757,322.815
-0.504,-1.591,-0.350,-152.100,-33.264,329.651
-0.448,-1.413,-0.420,-151.367,-28.748,337.830
-0.415,-1.232,-0.515,-150.696,-28.076,344.849
-0.358,-1.129,-0.634,-150.940,-32.837,349.487
-0.338,-1.130,-0.684,-151.855,-41.260,352.722
-0.383,-1.046,-0.655,-152.649,-53.772,363.464
-0.475,-0.846,-0.599,-152.649,-63.965,382.385
-0.481,-0.619,-0.594,-153.198,-67.139,402.161
-0.512,-0.385,-0.585,-151.062,-60.913,417.114
-0.505,-0.127,-0.586,-144.348,-56.030,427.368
-0.508,0.101,-0.573,-136.292,-57.617,431.824
-0.509,0.266,-0.518,-125.916,-62.927,429.504
-0.503,0.414,-0.454,-113.953,-67.688,425.476
-0.487,0.534,-0.372,-101.257,-72.693,419.434
-0.461,0.611,-0.277,-88.013,-76.477,411.377
-0.451,0.661,-0.165,-70.313,-75.623,401.123
-0.422,0.720,-0.036,-50.903,-72.327,390.259
-0.424,0.855,0.110,-36.865,-67.627,376.831
-0.388,1.059,0.227,-23.376,-61.584,361.816
-0.297,1.275,0.294,-7.263,-54.199,339.600
-0.165,1.424,0.331,7.202,-48.096,305.237
-0.025,1.480,0.354,14.343,-47.119,259.766
0.076,1.438,0.390,13.306,-50.415,211.365
0.173,1.325,0.385,8.789,-52.368,164.307
0.229,1.181,0.400,5.005,-55.786,123.718
0.266,1.025,0.420,3.418,-59.692,92.834
0.289,0.875,0.477,3.906,-63.965,70.068
0.320,0.793,0.514,3.784,-64.026,56.213
0.365,0.739,0.538,1.770,-62.073,45.898
0.406,0.705,0.593,-0.427,-61.462,36.987
0.453,0.674,0.639,-4.944,-60.547,28.442
0.505,0.640,0.668,-10.376,-58.472,19.897
0.556,0.595,0.712,-14.587,-57.190,12.329
0.610,0.547,0.766,-18.494,-55.969,6.165
0.654,0.517,0.817,-21.423,-52.063,2.380
0.693,0.485,0.846,-22.400,-45.654,-0.244
0.720,0.454,0.857,-20.935,-37.903,-1.648
0.744,0.415,0.849,-16.785,-29.236,-1.404
0.762,0.390,0.828,-10.864,-20.691,0.671
0.775,0.374,0.807,-4.028,-13.245,3.906
0.781,0.378,0.787,2.380,-6.531,7.385
0.803,0.370,0.745,7.324,-0.793,9.216
0.806,0.347,0.709,9.399,2.930,9.583
0.802,0.340,0.668,10.010,5.005,10.986
0.791,0.330,0.636,10.437,5.676,12.756
0.779,0.332,0.615,10.986,5.310,15.015
0.768,0.360,0.599,11.597,4.761,18.066
0.758,0.387,0.568,11.597,4.272,20.020
0.746,0.409,0.537,9.949,2.930,20.142
0.739,0.433,0.513,6.653,0.122,19.287
0.721,0.461,0.507,3.540,-3.235,18.066
0.711,0.491,0.511,1.343,-6.653,15.991
0.709,0.535,0.522,-0.549,-9.644,12.573
0.701,0.554,0.549,-2.991,-12.207,6.531
0.708,0.537,0.547,-5.432,-12.878,-1.282
0.709,0.509,0.557,-5.981,-12.939,-8.179
0.712,0.465,0.575,-4.333,-12.878,-14.038
0.728,0.433,0.580,-1.587,-10.559,-18.311
0.729,0.389,0.587,0.732,-8.057,-21.912
0.739,0.334,0.583,2.502,-5.554,-24.292
0.741,0.285,0.568,4.089,-2.808,-24.780
0.751,0.247,0.554,6.348,-0.305,-23.010
0.754,0.228,0.551,8.667,1.648,-20.081
0.761,0.219,0.542,9.521,3.540,-17.151
0.767,0.207,0.528,9.033,5.066,-14.648
0.767,0.201,0.521,7.996,5.859,-11.719
0.770,0.207,0.512,7.935,6.653,-8.240
0.774,0.222,0.520,7.812,6.958,-4.883
0.790,0.258,0.498,7.263,8.179,-2.563
0.793,0.266,0.497,5.920,7.568,-1.953
0.795,0.264,0.489,4.272,6.836,-2.014
0.800,0.281,0.472,3.906,7.019,-0.732
0.794,0.277,0.486,3.845,5.432,-0.183
0.796,0.286,0.485,3.052,4.395,0.793
0.810,0.312,0.466,2.380,4.639,1.831
0.810,0.314,0.471,1.221,2.869,1.587
0.810,0.313,0.473,0.244,1.160,0.916
0.811,0.317,0.469,-0.122,0.061,0.854
0.802,0.314,0.486,0.122,-1.709,0.977
0.804,0.319,0.491,0.732,-2.319,1.587
0.810,0.329,0.491,1.465,-2.625,2.380
0.807,0.328,0.501,1.953,-3.296,2.014
0.806,0.336,0.504,2.136,-3.784,1.648
0.799,0.333,0.521,2.380,-4.028,1.099
0.803,0.341,0.522,2.441,-3.540,0.610

-1.554,2.059,1.231,-46.997,-153.564,159.302
-1.801,3.552,1.954,-52.002,-137.268,117.554
-2.150,4.000,2.271,-18.311,-85.205,4.883
-2.475,4.000,2.393,7.629,10.193,-174.255
-3.087,4.000,1.820,71.228,148.743,-396.118
-3.647,3.902,0.714,174.683,295.959,-589.661
-4.000,2.818,-0.623,269.226,389.038,-718.079
-4.000,1.549,-1.395,346.191,425.232,-800.903
-4.000,0.880,-1.883,401.001,453.430,-839.050
-4.000,0.959,-2.063,399.292,453.369,-850.586
-4.000,1.112,-2.094,367.126,434.753,-890.076
-4.000,0.925,-2.742,302.612,411.316,-980.835
-4.000,0.000,-3.935,208.191,355.530,-1117.249
-4.000,-1.584,-3.965,138.489,248.840,-1259.399
-4.000,-3.039,-4.000,122.192,143.555,-1306.885
-4.000,-4.000,-4.000,43.335,121.704,-1298.462
-4.000,-4.000,-3.868,-92.529,19.165,-1185.791
-3.483,-4.000,-0.692,6.042,-146.729,-929.810
-2.399,-4.000,0.604,180.603,-144.409,-522.583
-1.820,-4.000,0.796,246.887,-47.119,-142.029
-1.906,-4.000,0.489,218.994,28.015,110.291
-1.947,-3.984,-0.010,153.076,62.500,220.642
-1.623,-2.757,-0.488,94.299,54.260,258.728
-1.367,-2.151,-0.717,45.959,20.996,246.460
-1.128,-2.235,-0.755,0.610,3.479,215.149
-0.984,-2.641,-0.664,-21.301,-2.441,192.627
-0.857,-2.985,-0.587,-24.963,-13.123,202.515
-0.800,-3.028,-0.511,-24.353,-27.100,240.112
-0.843,-2.836,-0.335,-32.959,-43.091,285.706
-0.882,-2.492,-0.096,-51.147,-55.481,325.684
-0.889,-2.157,0.020,-73.120,-56.030,352.844
-0.880,-1.852,0.068,-98.267,-47.607,364.075
-0.761,-1.657,-0.050,-124.451,-32.593,362.732
-0.644,-1.563,-0.207,-138.733,-18.860,358.948
-0.562,-1.498,-0.345,-140.747,-13.611,358.826
-0.490,-1.444,-0.445,-134.827,-16.785,363.831
-0.441,-1.393,-0.462,-124.512,-24.780,372.437
-0.459,-1.282,-0.418,-115.356,-35.522,384.766
-0.411,-1.033,-0.444,-109.009,-43.884,398.560
-0.367,-0.797,-0.458,-113.403,-46.326,401.794
-0.288,-0.677,-0.533,-119.873,-45.776,395.081
-0.251,-0.553,-0.547,-128.601,-47.119,386.353
-0.237,-0.394,-0.497,-133.545,-54.810,381.226
-0.219,-0.234,-0.437,-133.240,-62.195,376.221
-0.202,-0.075,-0.378,-130.249,-67.688,370.728
-0.185,0.064,-0.315,-124.268,-72.144,363.403
-0.158,0.173,-0.244,-117.126,-74.951,353.699
-0.116,0.273,-0.181,-109.070,-75.012,344.055
-0.093,0.354,-0.136,-99.854,-73.730,333.862
-0.052,0.425,-0.070,-89.478,-73.669,323.425
-0.024,0.479,-0.001,-79.163,-71.289,312.988
-0.004,0.538,0.059,-69.336,-67.505,300.720
0.040,0.610,0.089,-60.364,-65.186,288.513
0.064,0.653,0.131,-52.246,-66.589,274.658
0.102,0.699,0.179,-45.044,-67.810,259.216
0.140,0.741,0.244,-41.504,-67.993,242.187
0.193,0.775,0.294,-40.039,-66.956,223.022
0.247,0.778,0.352,-37.964,-65.247,202.271
0.313,0.741,0.384,-34.119,-60.791,181.396
0.355,0.715,0.411,-27.954,-55.847,164.307
0.390,0.709,0.441,-20.264,-52.795,151.245
0.412,0.726,0.467,-12.451,-50.354,140.991
0.431,0.719,0.496,-5.066,-47.607,129.578
0.457,0.710,0.510,0.549,-43.579,119.202
0.492,0.723,0.508,3.967,-39.124,108.643
0.528,0.725,0.500,4.456,-36.133,96.924
0.562,0.719,0.488,1.587,-34.607,83.801
0.595,0.710,0.476,-3.540,-34.973,70.251
0.620,0.685,0.478,-7.996,-36.194,57.983
0.635,0.657,0.499,-11.169,-39.063,47.058
0.643,0.643,0.539,-13.062,-41.809,38.391
0.648,0.630,0.584,-14.771,-43.213,30.457
0.657,0.605,0.618,-15.869,-43.030,22.583
0.668,0.579,0.643,-16.296,-41.931,15.930
0.676,0.542,0.666,-15.015,-40.710,10.315
0.672,0.508,0.695,-12.207,-39.307,5.737
0.668,0.496,0.724,-9.338,-36.438,2.869
0.678,0.465,0.739,-7.385,-32.166,-0.916
0.687,0.418,0.740,-5.493,-27.222,-3.784
0.692,0.379,0.739,-2.869,-22.583,-4.944
0.687,0.355,0.738,0.610,-17.578,-4.456
0.690,0.350,0.739,3.967,-12.878,-3.357
0.701,0.357,0.739,6.409,-8.301,-2.930
0.713,0.361,0.726,7.812,-3.967,-3.235
0.724,0.353,0.710,9.155,-0.793,-4.089
0.731,0.341,0.698,10.986,2.319,-4.822
0.738,0.336,0.687,12.390,4.944,-5.127
0.750,0.341,0.668,13.855,7.385,-5.920
0.759,0.328,0.647,14.587,9.399,-7.935
0.763,0.307,0.631,14.526,10.925,-10.254
0.767,0.290,0.616,14.343,11.963,-11.780
0.770,0.284,0.599,14.282,13.184,-12.573
0.779,0.281,0.586,14.404,14.526,-13.611
0.786,0.266,0.567,13.977,15.503,-15.076
0.789,0.242,0.558,13.611,16.174,-16.541
0.791,0.224,0.541,13.733,16.846,-16.907
0.794,0.205,0.527,14.099,17.517,-16.296
0.801,0.189,0.515,14.526,18.188,-15.137
0.814,0.177,0.500,14.465,18.616,-13.489
0.822,0.168,0.486,13.855,18.799,-12.024
0.830,0.162,0.470,13.245,18.494,-10.376
0.834,0.153,0.457,12.878,17.822,-8.362
0.845,0.158,0.442,12.390,16.907,-5.676
0.856,0.168,0.430,11.475,15.503,-3.296
0.863,0.177,0.427,9.766,13.123,-1.709
0.862,0.187,0.424,7.446,10.681,-0.793
0.861,0.197,0.427,4.822,8.301,0.061
0.860,0.209,0.432,2.441,5.920,0.732
0.860,0.227,0.436,-0.183,3.967,1.038
0.860,0.241,0.444,-2.747,1.587,0.977
0.855,0.246,0.461,-4.700,-0.305,0.244
0.849,0.246,0.475,-5.798,-1.892,0.000
0.844,0.243,0.489,-5.615,-2.747,-0.122
0.837,0.239,0.505,-4.456,-3.052,0.610
0.833,0.240,0.519,-2.991,-2.808,1.648
0.830,0.240,0.524,-1.953,-2.197,2.686
0.826,0.239,0.528,-0.793,-1.526,3.662
0.825,0.238,0.527,0.488,-0.671,5.066
0.821,0.247,0.524,2.197,0.244,6.592

